788907457284182000,"piccolomochi","Thu Oct 20 00:59:29 +0000 2016","â€¦ã˜ã‚ƒãªãã¦ï¼"
788907587299381200,"Sandry_00","Thu Oct 20 01:00:00 +0000 2016","Las 4 putas horas al lado de esto se queda en chiste ğŸ˜‚ğŸ˜‚ğŸ˜‚ğŸ˜‚"
788907646019637200,"Pablo1_Music","Thu Oct 20 01:00:14 +0000 2016","Intentalo es como besar una palanqueta jajajaja."
788907704718880800,"cashira2554","Thu Oct 20 01:00:28 +0000 2016","RT @Honey17011: Trump is unfit. And so is the Party that nominated him. #ImWithHer #RejectedHillarySlogans #debate #debatenightâ€¦ "
788907717301645300,"abbybnelson3","Thu Oct 20 01:00:31 +0000 2016","RT @haley_stone412: ""You have no rival. You have no equal. Now and forever God you reign."" 

@hillsongworship"
788907750852091900,"lucascundeco","Thu Oct 20 01:00:39 +0000 2016","Vai pae"
788907771831935000,"BBQEATS34073968","Thu Oct 20 01:00:44 +0000 2016","Charlie Brown the Great Pumpkin is on right now #debatenight"
788907788617470000,"follow100sougo","Thu Oct 20 01:00:48 +0000 2016","ç›¸äº’ãƒ•ã‚©ãƒ­ãƒ¼æ”¯æ´ã‚¢ã‚«ã‚¦ãƒ³ãƒˆã§ã™ï¼"
788907797022855200,"HeyZhar27","Thu Oct 20 01:00:50 +0000 2016","ğŸ•ŠğŸ•ŠğŸ•Š"
788907830568812500,"masakazu__bot","Thu Oct 20 01:00:58 +0000 2016","ã˜ã‚ƒãƒ¼æœ€å¾Œã²ã¨ã“ã¨è¨€ã†ã‹"
788907868330266600,"gabysaa13","Thu Oct 20 01:01:07 +0000 2016","Auxiliooiooooo"
788907918632640500,"kafetters","Thu Oct 20 01:01:19 +0000 2016","Ever wonder why guys can put away all the food without gaining weight? Here's how to deal. https://t.co/svx1AHd2kj @WomensHealthMag"
788907960583856100,"ljpbws_","Thu Oct 20 01:01:29 +0000 2016","RT @zpqyk_u: ã‚³ã‚³ã¾ã˜ç¥ï¼

å¯‚ã—ã„é€±æœ«ã‚’é€ã‚ŠãŸããªã„å¥´ã¯çµ¶å¯¾ã«ã€çµ¶ã£å¯¾ã«è¦‹ã¨ã‘www

ã“ã‚Œâ†’ https://t.co/oXLNuRsdhK

å®¶ã«ã„ã¦å¥³ã®å­ã¨å‡ºä¼šã†ãƒãƒ£ãƒ³ã‚¹ãªã‚“ã¦ã‚ã‚‹ï¼ï¼Ÿ https://t.co/UlRgDdmNeo"
788907960604864500,"xAliyahTatyanax","Thu Oct 20 01:01:29 +0000 2016","RT @brinumbanine: LMAOOO I aint have one either !!!!! I was just circling shit at that point I gave tf up https://t.co/Sxerd6AOrR"
788907973175308300,"miguelangelrpz","Thu Oct 20 01:01:32 +0000 2016","ERA SAFE!! #MLBxFOX #MLBPlayoffs"
788907985732984800,"hesty_nr","Thu Oct 20 01:01:35 +0000 2016","@netmediatama ga semangat min.. masih ada aja errornya ğŸ˜•"
788907994138366000,"RacheleReanne","Thu Oct 20 01:01:37 +0000 2016","RT @PawRescues: happiest/cutest puppy ever ğŸ˜ https://t.co/5HYJpOS2UJ"
788908052858675200,"NomadCram","Thu Oct 20 01:01:51 +0000 2016","@chile_pepper thanks for the tip. If it's based on when he thinks he's good no wonder it's all the time!"
788908082218885100,"ata770","Thu Oct 20 01:01:58 +0000 2016","@32c9c93b0e314a8 ğŸ˜…"
788908094784888800,"chika_ito3182","Thu Oct 20 01:02:01 +0000 2016","ã‚ã„ã‚Šã™ã ( @7airi117 åˆè¦‹ã•ã‚“å¤§æ­“è¿ğŸ˜Š https://t.co/7Rk4Y5xv5V )"
788908103177760800,"NarradorRodrigo","Thu Oct 20 01:02:03 +0000 2016","Narrador errou o nome de quem fez o gol. NinguÃ©m corrigiu"
788908111578927100,"Ireisi17","Thu Oct 20 01:02:05 +0000 2016","Quien fuera... https://t.co/TiYnxjTTgW"
788908124161794000,"mabisanim","Thu Oct 20 01:02:08 +0000 2016","RT @_riarian: https://t.co/gDvgEfyCRB"
788908208035213300,"dele0510","Thu Oct 20 01:02:28 +0000 2016","Human go to bed so I can run around like a lunatic. Your disturbingâ€¦ https://t.co/efG6jMHQGM"
788908212229595100,"CountryDemocrat","Thu Oct 20 01:02:29 +0000 2016","Goodnight."
788908237429084200,"ElleJayInc","Thu Oct 20 01:02:35 +0000 2016","RT @SoulFlute: Thanks everyone for tuning into my FB Live event ""Low Key"" last night.  If you missed it https://t.co/wDnk0nj44Uâ€¦ "
788908325505110000,"piyochun6","Thu Oct 20 01:02:56 +0000 2016","RT @goji_tk_goji: ã€Œå¤§ä¸ˆå¤«ï¼Ÿã€ã£ã¦èã‹ã‚Œã‚‹ã¨å¤§æŠµã®äººã¯ã€Œå¤§ä¸ˆå¤«ã€ã£ã¦è¿”ã£ã¦ãã‚‹ã‹ã‚‰ã€ã€Œé§„ç›®ãã†ï¼Ÿã€ã£ã¦èã„ãŸæ–¹ãŒã„ã„ã¨è¦‹ã‹ã‘ã¦ã‹ã‚‰ç©æ¥µçš„ã«ã€Œé§„ç›®ãã†ï¼Ÿã€ã¨èãã‚ˆã†ã«ãªã£ãŸã‚‰ä»Šã¾ã§å¤§ä¸ˆå¤«ã£ã¦è¿”ã£ã¦ããŸã®ãŒå…«å‰²ãã‚‰ã„ã€Œã¡ã‚‡ã£ã¨é§„ç›®ã€ã¨è¿”ã£ã¦ãã‚‹ã‚ˆã†ã«ãªã‚Šã¾ã—ãŸã€‚"
788908442941464600,"UofA_Arts","Thu Oct 20 01:03:24 +0000 2016","Q&amp;A: Indigenize academy? Bring in our culture/ceremonies/smudging/mentoring/make sure Indigenous students see themselves #IndigenArts"
788908468103213000,"annajanejoyner","Thu Oct 20 01:03:30 +0000 2016","Ready! https://t.co/eQiBqg5MqB"
788908480681877500,"aphilly03","Thu Oct 20 01:03:33 +0000 2016","RT @ItsGirlCodeTime: Mom: honey are you getting enough sleep? 

Me: sometimes when I sneeze my eyes close."
788908493243813900,"MerafUnplugged","Thu Oct 20 01:03:36 +0000 2016","RT @Essence: It's time. Who's ready for the last #debatenight? https://t.co/mvoOuOctLp"
788908530996740100,"kissmetincho","Thu Oct 20 01:03:45 +0000 2016","RT @tinchothebest: No abandonennnnnn
WELCOME A TU FUTURO PAPPA"
788908539418992600,"agburgos_","Thu Oct 20 01:03:47 +0000 2016","RT @bubblestbh: picture of me lying to myself https://t.co/xBsgkgG8Az"
788908568758149100,"mooody004","Thu Oct 20 01:03:54 +0000 2016","Ø¯Ø¹Ø§Ø¡ Ø§Ù„Ø³Ø¬ÙˆØ¯:Ø³Ø¨Ø­Ø§Ù† Ø°ÙŠ Ø§Ù„Ø¬Ø¨Ø±ÙˆØª ÙˆØ§Ù„Ù…Ù„ÙƒÙˆØª ÙˆØ§Ù„ÙƒØ¨Ø±ÙŠØ§Ø¡ ÙˆØ§Ù„Ø¹Ø¸Ù…Ø© https://t.co/1f2bihzthS"
788908585556250600,"GrMalkfredt","Thu Oct 20 01:03:58 +0000 2016","RT @NintendoEurope: Be among the first to discover #NX. Watch the Preview Trailer at 16:00 CEST! https://t.co/UZExnpIyEU"
788908614886961200,"thestatesports","Thu Oct 20 01:04:05 +0000 2016","Columbiaâ€™s Hayley Carter reflects on career at UNC https://t.co/ZJg6a2nMvM"
788908635866796000,"sayadoubleyou","Thu Oct 20 01:04:10 +0000 2016","bouta get to work on some nails (-: so excited for this next creative project ğŸ’›ğŸ’…ğŸ½"
788908661045329900,"Math_Esp1","Thu Oct 20 01:04:16 +0000 2016","GOOOOOOOOOOOOL"
788908686194323500,"yagura2arduino","Thu Oct 20 01:04:22 +0000 2016","2016/10/20 10:04:21:æ¸©åº¦=24.0(95),ç…§åº¦=0
Pin7,8=L,L
No=2423"
788908698802360300,"apyang31","Thu Oct 20 01:04:25 +0000 2016","We'll support you Yong. :)) PAYT! PAYT! PAYT @YongstersOFC https://t.co/HBNeGLWi2k"
788908774291628000,"JUrruzola","Thu Oct 20 01:04:43 +0000 2016","RT @ADRY112: #VivasLasQueremos https://t.co/sxjfhBGO9Z"
788908778456514600,"alpaaca2","Thu Oct 20 01:04:44 +0000 2016","VAI TOMAR NO CU"
788908837185151000,"Kimbarros16","Thu Oct 20 01:04:58 +0000 2016","RT @rafaelamello0: @Kimbarros16 @SixSecondCover @Bella_Fro03 quero o telefone da 171"
788908845590466600,"StevsWorld","Thu Oct 20 01:05:00 +0000 2016","Close your eyes and you can almost see Mike Wallace.
#debatenight"
788908862371881000,"msoorochi","Thu Oct 20 01:05:04 +0000 2016","æ—¥æœ¬ã‚·ãƒªãƒ¼ã‚ºãƒã‚±ãƒƒãƒˆ4åˆ†ã§å®Œå£²
ç¥ã‹ãª"
788908912707637200,"Joa_m32","Thu Oct 20 01:05:16 +0000 2016","Ø§Ù‚Ø±Ø£ ÙƒØªØ§Ø¨Ùƒ ÙƒÙÙ‰ Ø¨Ù†ÙØ³Ùƒ Ø§Ù„ÙŠÙˆÙ… Ø¹Ù„ÙŠÙƒ Ø­Ø³ÙŠØ¨Ø§ ï´¿Ù¡Ù¤ï´¾ -- Ø³ÙˆØ±Ø©Â Ø§Ù„Ø£Ø³Ø±Ø§Ø¡Â #Quran"
788908921071153200,"rubiuscream","Thu Oct 20 01:05:18 +0000 2016","@rubiuscream verga*"
788908950427238400,"___Randii","Thu Oct 20 01:05:25 +0000 2016","My phone"
788908975605547000,"andrewdoDC","Thu Oct 20 01:05:31 +0000 2016","@Mirandacgreen an old fashion ğŸ‘ŒğŸ½"
788908983994101800,"jaazyfresh_","Thu Oct 20 01:05:33 +0000 2016","RT @FemalePains: Freshman vs. Senior year https://t.co/pUdSp3vLaR"
788908992382787600,"LilianMariell","Thu Oct 20 01:05:35 +0000 2016","Lo re amoğŸ˜»"
788909030144041000,"J_Tru727","Thu Oct 20 01:05:44 +0000 2016","Ew why is this guy the moderator? #Debatenight"
788909118228693000,"riamarialuiza","Thu Oct 20 01:06:05 +0000 2016","terminei a sÃ©rie da minha vida (aka full house) ontem e esperava tÃ£o mais da season finale, queria flashbacks..."
788909139179167700,"julyrose299","Thu Oct 20 01:06:10 +0000 2016","SARAH PALIN Attending Vegas Debate as Donald Trumpâ€™s Guest https://t.co/UkhvhLlgHq https://t.co/4csvIi9mNX"
788909197903614000,"sparky_mcspark","Thu Oct 20 01:06:24 +0000 2016","Ooh. Textualism vs intentionalism. 

#Debate #SupremeCourt"
788909214680883200,"msbreboyer","Thu Oct 20 01:06:28 +0000 2016","RT @TheSkorpion: Hillary in angelic white with kitten heels! #DebateNIght https://t.co/cnHObicSTe"
788909223073591300,"GIS_ESRI_RR","Thu Oct 20 01:06:30 +0000 2016","Top geographic information systems articles from last 48 hrs https://t.co/zBWQ6mhNx1"
788909248239562800,"PatrickT87","Thu Oct 20 01:06:36 +0000 2016","@scrowder @NotGayJared Solid first question. This is how you get nevertrumpers on board"
788909265008234500,"KevinWeigh","Thu Oct 20 01:06:40 +0000 2016","@BretBaier You need to have a grammar check app. :)"
788909286000779300,"_qnsdop","Thu Oct 20 01:06:45 +0000 2016","RT @_perkins97: à¹€à¸à¸¥à¸µà¸¢à¸”à¸­à¹ˆà¸°55555555555555555555555555555555à¸à¸£à¸°à¸—à¸£à¸§à¸‡à¸§à¸±à¸’à¸™à¸˜à¸£à¸£à¸¡à¸•à¹‰à¸­à¸‡à¸­à¸à¹à¸•à¸à¸•à¸²à¸¢à¹ƒà¸«à¹‰à¸à¸±à¸šà¸¡à¸µà¸¡à¹€à¸«à¸¥à¹ˆà¸²à¸™à¸µà¹‰ https://t.co/usdBI2TSyh"
788909332138078200,"emilynguyen28","Thu Oct 20 01:06:56 +0000 2016","@haileyfox14 because you're gorgeous, duh"
788909336307216400,"Vincent_Vtn","Thu Oct 20 01:06:57 +0000 2016","RT @Kitschbeach: EXO's ZOO TIME Ep.1 ì—…ë¡œë“œ (PCë²„ì „ ì¶”ì²œí•©ë‹ˆë‹¤...)
â–¶https://t.co/lFDW09SETL #Fanbook https://t.co/u8CylJukZ4"
788909424396099600,"dangainor","Thu Oct 20 01:07:18 +0000 2016","Remember #CitizensUnited was a free speech ruling. Hillary is against free speech. #debate #TTT2016"
788909453756293100,"misiano_oriana1","Thu Oct 20 01:07:25 +0000 2016","RT @fasopotente: no les pasa qe ya estan re llenos pero siguen comiendo porque la comida esta muy rica a mi si"
788909470516670500,"mohnd19681","Thu Oct 20 01:07:29 +0000 2016","RT @almamari90om: ØªØµÙˆÙŠØ±ÙŠ https://t.co/ponZ9ML03C"
788909470550286300,"jennferxx","Thu Oct 20 01:07:29 +0000 2016","RT @Cruzeiro: 2T (3-1) 16' - GGGGGGGGGGGOOOOOOOOOOLLLLLLLLLLLL!!!! BRUNO RODRIGOOOOOOOOOO!!! BRUNO RODRIGOOOOO! CABEÃ‡A DE MÃÃÃÃÃÂ´â€¦ "
788909470554452000,"rockitgirl48","Thu Oct 20 01:07:29 +0000 2016","@JamesFallows voting for a stand up Supreme Court!"
788909541819899900,"isabel_gf_","Thu Oct 20 01:07:46 +0000 2016","@cbavaresco_ @Sofiaschmitt_ MAPQKQKQK ueee tÃ¡ duvidando do meu potencial ğŸ˜‡"
788909575399366700,"CK3_PB","Thu Oct 20 01:07:54 +0000 2016","@kiarelicious what would be considered a dumb text though ğŸ˜‚"
788909587961438200,"PhilBeez86","Thu Oct 20 01:07:57 +0000 2016","@donnabrazile #HillaryForPrison2016"
788909768324681700,"Jwalkerz_TH","Thu Oct 20 01:08:40 +0000 2016","RT @fareastmovement: Congrats to our homie @JAYBUMAOM on his new album release and video. So dope brother https://t.co/iWJjepscmM"
788909793515831300,"arnaldolice","Thu Oct 20 01:08:46 +0000 2016","Boa noite"
788909793507287000,"revmsevans","Thu Oct 20 01:08:46 +0000 2016","RT @TPHDallas: Simply put: God is who He says He is. #WNBS #tphonline"
788909814466347000,"bethanyalexis_","Thu Oct 20 01:08:51 +0000 2016","RT @tbhjuststp: ""You are an adult, you can schedule your own appointments now""
Me: https://t.co/a4foQKg1Qi"
788909818648014800,"Dream_Brother_","Thu Oct 20 01:08:52 +0000 2016","Get ready for locker room talk, black face images, and discussions of women's weight. 
#debate 
#debatenight https://t.co/eThaYPr8CA"
788909848020779000,"vgescobar","Thu Oct 20 01:08:59 +0000 2016","RT @ariannahuff: How about as part of the Supreme Court question: whether the Senate should actually hold a vote on a nominee #debatenight"
788909906728398800,"TheyHateMeLOL","Thu Oct 20 01:09:13 +0000 2016","@aybanreyuben Pero akin na lang yung flashdrive."
788909936096993300,"DakotaY0","Thu Oct 20 01:09:20 +0000 2016","RT @memeprovider: That's ratatouille. Relax, he works there https://t.co/QbwouIl9eS"
788909973854154800,"FranCarvalho_1","Thu Oct 20 01:09:29 +0000 2016","Por cuantas son socios con tu amigo? â€” x7 https://t.co/LnJwaquaFU"
788910057727623200,"RipCheato","Thu Oct 20 01:09:49 +0000 2016","twenty of them including the guy from duck dynasty..."
788910187755085800,"jsarno_mkpink","Thu Oct 20 01:10:20 +0000 2016","Thereâ€™s nothing better than pampering yourself after a long day. https://t.co/alQ93fBeer https://t.co/AzaGfeleWT"
788910187780251600,"hundjob","Thu Oct 20 01:10:20 +0000 2016","ã‚·ãƒ¼ã‚¯ãƒ¬ãƒƒãƒˆã‚­ãƒ£ãƒ©æƒ…å ±ï¼
â˜…10/11(12:00)ï½10/25(11:59)æœŸé–“é™å®šâ˜…
æ–°ã—ã„ã‚·ãƒ¼ã‚¯ãƒ¬ãƒƒãƒˆã‚­ãƒ£ãƒ©ãŒç™»å ´ï¼
https://t.co/QKgUn9Uxseã€€#ãƒˆãƒ¬ã‚¯ãƒ« https://t.co/S7SMjMaNav"
788910212912599000,"Ibeenhavingshit","Thu Oct 20 01:10:26 +0000 2016","@kaniyaa_x ğŸ˜‚ğŸ˜‚"
788910292633722900,"NAMOO_KKUN","Thu Oct 20 01:10:45 +0000 2016","RT @light_hyun_56: ë‹ˆë‹ˆì‹œâ™¡
@k_94_JN @JIC_94 @lacrima_94 @KAI_in0114 @p_k_1314 @juvely_0131 @NAMOO_KKUN @kai199488 https://t.co/JhTc7cubKJ"
788910372296151000,"vinecare02","Thu Oct 20 01:11:04 +0000 2016","RT @vhielez4: @vinecare02 @latnear @WareAlba @MaiDen_DCMF @AIFam16 @AlDubBigBoyz @ALDub_RTeam  haha grave xa! tawa ko 10 1/2. ğŸ˜‚
#ALDUB66thWâ€¦"
788910380693147600,"Meelina_J","Thu Oct 20 01:11:06 +0000 2016","Liv has been quite the influence"
788910401652219900,"tori_crawford1","Thu Oct 20 01:11:11 +0000 2016","I was putting my clothes away, and a pair of my pants had a spider on it ğŸ˜³ğŸ˜³"
788910405863153700,"RehanaAlasiri","Thu Oct 20 01:11:12 +0000 2016","RT @iEmavd: Ø§Ù„Ù„Ù‡Ù… Ø§Ø¹Ù†Ù‰ Ø¹Ù„Ù‰ Ø¨Ø±Ù‡Ù… ØŒğŸ’™
ÙˆÙÙ‚ÙØ¶ÙÙ‰ Ø±ÙØ¨Ùƒ Ø£Ù„Ø§ ØªØ¹Ø¨Ø¯ÙˆØ§ Ø¥Ù„Ø§ Ø¥ÙŠØ§Ù‡ ÙˆØ¨Ø§Ù„ÙˆØ§Ù„Ø¯ÙŠÙ† Ø¥Ø­Ø³Ø§Ù†Ø§. https://t.co/7BhTK8dbaP"
788910485567443000,"futop_merulian","Thu Oct 20 01:11:31 +0000 2016","@futop_merulian ãªã‚“ã‹ã‚µã‚¤ã‚ºãŒå°ã•ã„æ°—ã‚‚ã™ã‚‹ã‹ã‚‰ãƒ¡ãƒ³ã‚ºã®æ–¹è²·ãˆã°è‰¯ã‹ã£ãŸãªâ€¦(Â´ï½¥_ï½¥`)"
788910506534985700,"JaxTheGoose","Thu Oct 20 01:11:36 +0000 2016","@BradDidBanter colossal is crazy exposed !! https://t.co/VhPVsFM3sQ"
788910556841410600,"matkovacs27","Thu Oct 20 01:11:48 +0000 2016","RT @pjhoody: Hillary dressed in a cocaine white suit. Salute, @PUSHA_T. https://t.co/BGStukBpT7"
788910565251047400,"SoloEnCasaPty","Thu Oct 20 01:11:50 +0000 2016","RT @SoloEnCasaPty: Un blanco con cara de malandro.... Le darias una mano https://t.co/1uVrsVRFoh"
788910569445351400,"_thalorrane","Thu Oct 20 01:11:51 +0000 2016","Sai faÃ­sca https://t.co/jBIwv5O8pH"
788910665914257400,"Aurorar5_5sos","Thu Oct 20 01:12:14 +0000 2016","RT @Calum5SOS: My uber driver called me 'Big Dawg' today. Guess who got 5 stars?"
788910699456135200,"lauperez3011","Thu Oct 20 01:12:22 +0000 2016","RT @LauraRios82: ""Alguien que ame estar ahÃ­, que se quede por quÃ© le nace""ğŸ’“ https://t.co/Y0SGlLSBTR"
788910703654625300,"SiobhanMoore90","Thu Oct 20 01:12:23 +0000 2016","pretty much verbatim tbh https://t.co/E0ZZYxQ92Q"
788910716237389800,"varintt_oohpcy","Thu Oct 20 01:12:26 +0000 2016","RT @chanchinoona: à¸¢à¸²à¸¢à¸Ÿà¸±à¸‡à¹€à¸à¸¥à¸‡à¸à¸¸à¹ˆà¸¡à¸à¸§à¸‡à¹à¸¥à¹‰à¸§à¸£à¹‰à¸­à¸‡à¸—à¹ˆà¸­à¸™à¸­à¸¢à¹ˆà¸²à¸¡à¸±à¸§à¹„à¸›à¸ˆà¹‰à¸­à¸‡à¸•à¸´à¸”à¸™à¸±à¸à¸£à¹‰à¸­à¸‡à¸„à¸™à¸”à¸±à¸‡ à¸—à¸¸à¹ˆà¸¡à¹€à¸‡à¸´à¸™à¹€à¸›à¹‡à¸™à¸•à¸±à¹‰à¸‡à¹à¸¥à¹‰à¸§à¸à¹‡à¸¢à¸±à¸‡à¹„à¸¡à¹ˆà¹„à¸”à¹‰à¸•à¸±à¸§à¸”à¸±à¸‡à¹†à¸•à¸­à¸™à¹€à¸”à¸´à¸™à¸œà¹ˆà¸²à¸™ à¸®à¸·à¸­5555555555â€¦"
788910733039800300,"peeezite","Thu Oct 20 01:12:30 +0000 2016","@niiiiimu ä»Šã¾ã§ç”Ÿãã¦ãã¦è´ã„ãŸã“ã¨ã®ãªã„å°è©(ã—ã‹ã‚‚ã‚ã£ã¡ã‚ƒçœŸå‰£)ã«ç››å¤§ã«å¹ãå‡ºã—ã¦ã—ã¾ã„ã¾ã—ãŸâ€¦ç¬‘"
788910774945185800,"radicaldoge","Thu Oct 20 01:12:40 +0000 2016","@Antinomy001 trailer tomorrow"
788910800111071200,"typicallytrang","Thu Oct 20 01:12:46 +0000 2016","@SophakaDa his makeup artist learned how to blend into his neck"
788910821090799600,"kcrc","Thu Oct 20 01:12:51 +0000 2016","It looks like we have Low-Energy Donny tonight. 

#debate"
788910867253461000,"MichelSolari","Thu Oct 20 01:13:02 +0000 2016","RT @FedeM07: Tan perfecto que asusta. https://t.co/FhFRs9lg3u"
788910896580010000,"SouzaFaela1","Thu Oct 20 01:13:09 +0000 2016","sim, Pediatria â¤â¤â¤â¤â¤â¤â¤ https://t.co/xkAPGBK0GE"
788910909196337200,"pmhraki","Thu Oct 20 01:13:12 +0000 2016","RT @MM_980126: 161014 ë„ì¿„ ì‡¼ì¼€ì´ìŠ¤
#ASTRO #ì•„ìŠ¤íŠ¸ë¡œ #ë¬¸ë¹ˆ #MOONBIN @offclASTRO 
ë¬´ëŒ€ ìœ„ ëª¨ìŠµ ìµœê³ ë¡œ ë©‹ì§€ì§€ìš”ğŸ‘ğŸ» https://t.co/HTpg233VUz"
788910993057407000,"josep_iserte","Thu Oct 20 01:13:32 +0000 2016","RT @MIQUEL_01: Tothom  a las 19:00 a devant del Parlament!!  #totssomcarmeforcadell  ÃRA ES EL MOMENT!    ENTREM EN LA RECTA FINALâ€¦ "
788911001462710300,"Aamaaliinaa","Thu Oct 20 01:13:34 +0000 2016","I need to get out and do something"
788911001462865900,"grlpwrbea","Thu Oct 20 01:13:34 +0000 2016","porque mi cuerpo no tiene que ser vÃ¡lido solamente cuando es para consumo de los hombres #niunamenos https://t.co/x7BM36cQeM"
788911014054027300,"Valarnold9","Thu Oct 20 01:13:37 +0000 2016","@maddyhamilton_ ğŸ‘€ğŸ‘€ğŸ‘€"
788911043409907700,"thefishnation","Thu Oct 20 01:13:44 +0000 2016","I guess replay ""confirmed"" his call, but boy does the...... stuff find him! https://t.co/3Qhc6eCdMe"
788911097940103200,"pineful","Thu Oct 20 01:13:57 +0000 2016","Manouche Waltz by Stephen Lalor ã€€ãƒãƒŒãƒ¼ã‚·ãƒ¥ãƒ»ãƒ¯ãƒ«ãƒ„ã€€ãƒãƒ³ãƒ‰ãƒªãƒ³ãƒ»ã‚¯ãƒ­ã‚¹ã‚»ã‚¯ã‚·ãƒ§ãƒ³ https://t.co/gFowg5tN9U @YouTube ë‹˜ì´ ê³µìœ "
788911102105047000,"hirohy9","Thu Oct 20 01:13:58 +0000 2016","ãƒãƒ³ã‚¬ãƒœãƒƒã‚¯ã‚¹ã®ã€Œå‡ºå£ã‚¼ãƒ­ã€ã‚’èª­ã‚“ã§ã‚ãªãŸã‚‚ææ€–ã‚’ä½“æ„Ÿã—ã¦ã¿ã‚ˆã†ï¼ï¼
https://t.co/A30TE0onpl"
788911135684632600,"liselotte0530","Thu Oct 20 01:14:06 +0000 2016","ã‚¦ã‚±ã‚‹(ã‚¦ã‚±ã‚‹"
788911144073302000,"poke_go_soku","Thu Oct 20 01:14:08 +0000 2016","ã€ãƒã‚±ãƒ¢ãƒ³GOã€‘çš†ã¯ã‚¸ãƒ ã«ã©ã‚“ãªãƒã‚±ãƒ¢ãƒ³ã‚’ç½®ã„ã¦ã‚‹ã®ï¼Ÿ https://t.co/7klppOUid2"
788911190193889300,"_JohnnyMarte","Thu Oct 20 01:14:19 +0000 2016","RT @30SecKnockouts: he smacks him with the laptopğŸ˜‚ https://t.co/dd9U4TDCTT"
788911295051554800,"PfenningerKris","Thu Oct 20 01:14:44 +0000 2016","RT @TeamMcMullin: #McMullinMentum continues...@Evan_McMullin has taken the lead in #Utah! Learn more about Evan here:â€¦ "
788911345387212800,"ThatPeterG","Thu Oct 20 01:14:56 +0000 2016","@davey49 @RealLotsl yes! Quogue! Speonk! Wyandanch! Wantagh!"
788911362177175600,"juankasas05","Thu Oct 20 01:15:00 +0000 2016","te voy a decir todo antes que sea tarde , si luego de que marches me arrepentirÃ© .."
788911408289165300,"NaNach172737","Thu Oct 20 01:15:11 +0000 2016","ã‚¨ãƒ­ã‚€ã³æ’®ã£ãŸã£ãŸï½—ï½—LINEã§å…¬é–‹ã¡ã†(*Â´è‰¸`) LINE: izutanlove https://t.co/L34R27cMR3"
788911412496195600,"tellesluiza","Thu Oct 20 01:15:12 +0000 2016","Eu SEMPRE deixo as pessoas no vÃ¡cuo no messenger kkkkkkkkk nÃ£o Ã© por mal, juro"
788911429269065700,"elizabethdianec","Thu Oct 20 01:15:16 +0000 2016","Thanks! â¤ï¸ https://t.co/t06gka5pn6"
788911467022000100,"maochen","Thu Oct 20 01:15:25 +0000 2016","ä»Šæœã¯ã—ã‚“ã©ã‹ã£ãŸã€‚èµ·ãã‚‰ã‚Œãªã‹ã£ãŸã€‚"
788911496365387800,"corscorpii_52","Thu Oct 20 01:15:32 +0000 2016","è¦ªã«ãªã‚‹è³‡æ ¼ã‚‚ãªã„ãƒ¤ãƒ„ãŒè¦ªã«ãªã‚‹ã®ã¯ã€ç”Ÿã¾ã‚ŒãŸå­ã©ã‚‚ã¯å°†æ¥çµå©šã™ã‚‹ã‚‚ã®ã ã¨ã„ã†ã‚¸ãƒ§ã‚¦ã‚·ã‚­ãŒãƒ‰ãƒƒã‚«ãƒªåº§ã£ã¦ã„ã‚‹ã‹ã‚‰ã 
çµå©šã—ãªã‘ã‚Œã°ä¸€äººå‰ã®äººé–“ã¨è¦‹ãªã•ã‚Œãªã„é¢¨æ½®ãŒã©ã†ã‹ã—ã¦ã„ã‚‹ã®ã "
788911500564000800,"julietaempa","Thu Oct 20 01:15:33 +0000 2016","RT @MarilynEstevez3: Lucas toy por acÃ¡ lucas toy por aya, pero nadie piensa en los niÃ±osğŸŒš"
788911555098312700,"alokadosfav","Thu Oct 20 01:15:46 +0000 2016","Ã© isso huhuhuh"
788911555106582500,"Isaabelle24","Thu Oct 20 01:15:46 +0000 2016","RT @nathiiy12341: Puesta pa' esto con este clima. â˜”ï¸ğŸ˜©ğŸ’“ https://t.co/z5M4gGfn0I"
788911563499384800,"srosas94","Thu Oct 20 01:15:48 +0000 2016","RT @aaronsxc: And that's what you get for falling again"
788911626418212900,"tabio999","Thu Oct 20 01:16:03 +0000 2016","RT @teracy: ç¿é•·ãŒã€ŒåœŸäººã€ç™ºè¨€éé›£ã—ã¦ã‚‹ã‘ã©ã€ã¾ãšä»–éƒ½é“åºœçœŒè­¦ãŒè­¦å‚™ã‚’ã›ã–ã‚‹ã‚’å¾—ãªã„çŠ¶æ³ã¾ã§æ”¾ç½®ã—ãŸãŠã¾ãˆã®è²¬ä»»å•é¡Œã ã‚ã†ãŒ"
788911643191279600,"j3nnv_","Thu Oct 20 01:16:07 +0000 2016","RT @farroutgroovy: Lmao RT @FINALLEVEL: Trump getting ready for tonight's Debate.... https://t.co/rUSc4KUO9d"
788911647360417800,"baemyr_","Thu Oct 20 01:16:08 +0000 2016","La risa lo hace no creÃ­ble sksbao. https://t.co/cKJLqkMnNX"
788911680931717100,"historianess","Thu Oct 20 01:16:16 +0000 2016","RT @nathanlean: Justice would be Hillary Clinton inviting the women who've accused Trump of sexual abuse to the #debate. But someone has toâ€¦"
788911731259035600,"andreeeaa0","Thu Oct 20 01:16:28 +0000 2016","@flores_hugo_ now u can't enjoy the debate and AHS today you're welcome ğŸ˜"
788911768999452700,"colinyoung","Thu Oct 20 01:16:37 +0000 2016","RT @MaxTemkin: Guns in Chicago come from Mike Pence's state. https://t.co/AdpANjz3rC"
788911873873674200,"ChavesAriadne","Thu Oct 20 01:17:02 +0000 2016","@Stedich7 Dejame vivir! Jajajaja"
788911878051356700,"YtbersFtMate","Thu Oct 20 01:17:03 +0000 2016","RT @Eating: ğŸ˜ğŸªğŸ¦ https://t.co/q4B5eLaoCL"
788911911601639400,"CamzziBrooke","Thu Oct 20 01:17:11 +0000 2016","RT @harmobiebs_: @CamzziBrooke @camilacabello97 boa sorte"
788911932602323000,"SHOTA_rb02","Thu Oct 20 01:17:16 +0000 2016","@kazemymelody æ»‘èˆŒ"
788911987124084700,"mselainous","Thu Oct 20 01:17:29 +0000 2016","RT @MotherJones: Seriously, It Looks Like TrumpTV Just Launched https://t.co/v3zOmLEC98"
788911991297548300,"Queondaloritooo","Thu Oct 20 01:17:30 +0000 2016","RT @ZalazarrAle16: Quien es Lucas toy ??ğŸ¤”ğŸ¤”"
788912029067280400,"brekelly666","Thu Oct 20 01:17:39 +0000 2016","@cleemmp this doesn't make sense, your father will pay for college in increments and the FAFSA is need based"
788912058423279600,"NathGonfinete","Thu Oct 20 01:17:46 +0000 2016","Se eu ganhasse um real a cada pessoa que viesse me perguntar se eu cortei o cabelo rapaz..... eu tava rica"
788912083588960300,"sarah_ispl","Thu Oct 20 01:17:52 +0000 2016","RT @davidehrlich: Hillary and Donald take the stage. #debate https://t.co/o751xDd7kf"
788912091977683000,"enfloresce","Thu Oct 20 01:17:54 +0000 2016","KKKKKKKKKKKKKKKKKEVERTON"
788912108767436800,"alyssa_mccoll","Thu Oct 20 01:17:58 +0000 2016","RT @HarambeOfficiaI: Harambe should really be the moderator for #debatenight https://t.co/Xa0QK6Vx2S"
788912125544636400,"a230c10ca110","Thu Oct 20 01:18:02 +0000 2016","â˜†ã‚»ãƒ•ãƒ¬å‹Ÿé›†ä¸­ã®å¥³ã®å­â™ª

ç›®çš„:å¤§äººã®æ‹æ„›å¯¾è±¡
é¡Œå:ã²ã¾ãï¼ï¼
åå‰:â™€ã‚†ã‚Š
å¹´é½¢:30æ­³
åœ°åŸŸ:æ±äº¬éƒ½å°å¹³å¸‚

å½¼å¥³ã®é€£çµ¡å…ˆâ‡’https://t.co/PhfTUSOFUR

æœ¨æ›œæ—¥10æ™‚18åˆ†ã®æŠ•ç¨¿ã§ã™â™ª"
788912146507706400,"AlyAbeita","Thu Oct 20 01:18:07 +0000 2016","RT @FoxNews: .@realDonaldTrump: ""In Chicago, which has the toughest gun laws in the US...they have more gun violence than any otâ€¦ "
788912163263909900,"berrymorin","Thu Oct 20 01:18:11 +0000 2016","RT @Mrs_KG_: #LittleWomenLa why Christie trying to be friends with all these other chick u doing the most"
788912201033592800,"suhrtaso","Thu Oct 20 01:18:20 +0000 2016","å“€æ„ã¯é»„æ˜ã®æœã¦ã«"
788912201029390300,"TysonThompson14","Thu Oct 20 01:18:20 +0000 2016","RT @kerriclaark: young thug is coming to Dallas December 14th and if I don't go I will be HIGHLY upset."
788912205219573800,"SliMM_Havin","Thu Oct 20 01:18:21 +0000 2016","FLAVA FLAVA FLAVA ğŸ’¦
https://t.co/JVxOEhtuz1"
788912217802547200,"imawriiToo","Thu Oct 20 01:18:24 +0000 2016","RT @JackassHD: Batter up https://t.co/I2873TVY6r"
788912247158353900,"copaxcetic","Thu Oct 20 01:18:31 +0000 2016","i try so hard and im never the one lol"
788912276539445200,"jimbodeenee","Thu Oct 20 01:18:38 +0000 2016","@ChancSandyy_15 volleyball at the beach in Levi's"
788912326871281700,"8726andrew","Thu Oct 20 01:18:50 +0000 2016","RT @Samanthayoonn: what we say vs what we feel #psat2016 https://t.co/l6Jc0UWGvM"
788912343627407400,"atompark1a","Thu Oct 20 01:18:54 +0000 2016","RT @Double_aamouth: à¹à¸•à¹ˆà¸‡à¸•à¸±à¸§à¸à¹‡à¸”à¸µà¸™à¸°à¹„à¸¡à¹ˆà¸™à¹ˆà¸²à¸—à¸³à¹à¸šà¸šà¸™à¸µà¹‰ https://t.co/NR33UITCKx"
788912431732895700,"keiaki_tokugawa","Thu Oct 20 01:19:15 +0000 2016","ã€Œå¾³å·ã®ãŸã‚ã ã¨ã‹ã€ãã†ã„ã†ã‚‚ã®ã‚’æŠœãã«ã—ã¦ã‚‚â€¦ç§‹æ–‰ã¯ä¿ºã ã‘ã®ã‚‚ã®ã ã‚ˆã€"
788912435910549500,"EMITESHEIK2","Thu Oct 20 01:19:16 +0000 2016","Vou ta presente, amassa ti âœŒğŸ¶ https://t.co/uBuUIrfqyY"
788912440108912600,"Matcha_2525","Thu Oct 20 01:19:17 +0000 2016","RT @emirimai_: I CANT GET VICTOR'S WOLF WHISTLE OUT OF MY HEAD END ME."
788912452679241700,"little0919","Thu Oct 20 01:19:20 +0000 2016","RT @bwayacho: 2æ­³å…ãŒã‚„ã‘ã«é™ã‹ãªæ™‚ã¯æ³¨æ„ãŒå¿…è¦ãªã®ã§ã™ã‚ˆ https://t.co/4piOwpa9S5"
788912511408111600,"pv91","Thu Oct 20 01:19:34 +0000 2016","Donald Trump really doesn't understand how abortion works either, does he? I sense a theme."
788912511387000800,"sailormooncutie","Thu Oct 20 01:19:34 +0000 2016","RT @BernieSanders: We must defend the fundamental right of women to control their own bodies, including a womanâ€™s right to have an abortionâ€¦"
788912528181035000,"badbruh__","Thu Oct 20 01:19:38 +0000 2016","Se Ã© pra falar que Ã© meu crush pra n falar + cmg ou n me chamar fica na sua de boa"
788912561731145700,"Biz_Eng27","Thu Oct 20 01:19:46 +0000 2016","ã€æŒ¨æ‹¶ã€‘
Have you been busy recently?
æœ€è¿‘ã¯ãŠå¿™ã—ã„ã§ã™ã‹ï¼Ÿ"
788912582727983100,"seungkwaxn","Thu Oct 20 01:19:51 +0000 2016","eu nao aguento mais essa porra de calor"
788912662398640100,"PRojaas","Thu Oct 20 01:20:10 +0000 2016","RT @VmMiranda5: Ando todo japi"
788912662411288600,"QUARTETwithSTAR","Thu Oct 20 01:20:10 +0000 2016","TODAYs fashion https://t.co/GGQ1c0t7su"
788912683365957600,"SofiaG_6","Thu Oct 20 01:20:15 +0000 2016","@ErickManzo5 miss u niggaaaa"
788912817579569200,"monkyso1","Thu Oct 20 01:20:47 +0000 2016","@marrondw  ì €ëŠ” 3ì‹œê°„ 40ë¶„..."
788912821769732100,"BlasingameKara","Thu Oct 20 01:20:48 +0000 2016","RT @steph_jones2233: True friends fill you in on the debate when you couldn't be home to watch it :') â¤ï¸@BlasingameKara"
788912851163476000,"Masporqkate","Thu Oct 20 01:20:55 +0000 2016","boraaaaaaaa @ https://t.co/HPg2ATDngD"
788912880519217200,"dersereverse","Thu Oct 20 01:21:02 +0000 2016","RT @Iyricart: The Neighbourhood // Afraid https://t.co/s4nR79OYI2"
788912880510902300,"ABWjL6fIqgddgZq","Thu Oct 20 01:21:02 +0000 2016","ì˜ìƒì „ë³´ë²Œë ˆ ë°œê²¬!
ê±°ì¸ë“¤ì˜ ìì¡´ì‹¬ì„ ê±´ ì‹¸ì›€ì„ ìˆœê°„í¬ì°©í–ˆìŠµë‹ˆë‹¤ !!!
https://t.co/oLR8XzgPZ1 #íŠ¸ë ˆí¬ë£¨ https://t.co/uy3xqA9tuQ"
788912897296470000,"D8drop","Thu Oct 20 01:21:06 +0000 2016","@D8drop ã§ãã‚Œã°Steamã«ã‚‚é…ä¿¡ã—ã¦ãã‚Œã‚‹ã¨ã‚ã‚ŠãŒãŸã„ã“ã¨ã“ã®ä¸Šãªã„ã€‚ã¨ã„ã†ã‹ã€ç‰ˆæ¨©ã ã‘æ¡ã£ã¦ã„ã‚‹ãªã‚‰ã€æœ‰åŠ¹æ´»ç”¨ã™ã‚‹ãŸã‚ã«ã‚‚HDåŒ–ã—ã¦å¾©åˆ»ã—ã¦ã»ã—ã„ã£ã¦ã®ãŒãƒ¦ãƒ¼ã‚¶ãƒ¼ã®æ°—æŒã¡ã ã¨æ€ã†ã€‚"
788912972798185500,"ProfessorChic","Thu Oct 20 01:21:24 +0000 2016","RT @ShelbyKnox: Every woman in America clutches uterus, glares at the TV. #debatenight"
788913035674988500,"JeFreyFrey","Thu Oct 20 01:21:39 +0000 2016","RT @RedBeKnowing: THE. 
CONSTITUTION.
THE
WAY
IT
WAS
MEANT
TO
BE. 

1. Blacks couldn't vote
2. Women couldn't either
3. Slavery was lâ€¦ "
788913073461534700,"RossiLawrence","Thu Oct 20 01:21:48 +0000 2016","THE RAPISTS ARE COMING #everybodyrun #debatenight"
788913077643280400,"DawnHunterton","Thu Oct 20 01:21:49 +0000 2016","RT @IngrahamAngle: BIG LIE: Pre-born babies have to be killed to save life of mothers."
788913132148297700,"ButJadaSaid","Thu Oct 20 01:22:02 +0000 2016","RT @bIessbaby: Ur boyfriend suppose to be mean to other bitches not to u"
788913136363446300,"azul806","Thu Oct 20 01:22:03 +0000 2016","https://t.co/FekvQWj627 #ã‚¨ãƒŠã‚¸ãƒ¼ãƒ‰ãƒªãƒ³ã‚¯10ä¸‡å††åˆ† #é™ç•Œã‚’è¶…ãˆã‚ãƒ“ãƒ¨ãƒ³ãƒ‰"
788913153149132800,"EpochTimesLA","Thu Oct 20 01:22:07 +0000 2016","In the last four years, eleven judges have been murdered in Mexico. https://t.co/KPT1FDpnNb"
788913174087135200,"6666913","Thu Oct 20 01:22:12 +0000 2016","E L L I O T https://t.co/i2xoPEMYva"
788913224439574500,"ColdBrousski","Thu Oct 20 01:22:24 +0000 2016","Awesomeness!! I really enjoyed this video. #MalePrivilegehttps://youtu.be/0KGJS0IhSoE"
788913228617248800,"soto425","Thu Oct 20 01:22:25 +0000 2016","People killed by immigrants? Nightmare! People killed by guns? What are you going to do about it that's part of our countries history!"
788913589331566600,"brooklynscurran","Thu Oct 20 01:23:51 +0000 2016","RT @SoReIatable: me: i hate country 
carrie underwood: i dug my key into the sid-
me: https://t.co/XxT9vT99ob"
788913597724319700,"urbpDtDBa0wAzc0","Thu Oct 20 01:23:53 +0000 2016","@kedamabox ã‚ãâ€¦( ï¼›âˆ€ï¼›)"
788913727747784700,"acc62578","Thu Oct 20 01:24:24 +0000 2016","RT @FT: The difference between Hillary Clinton and Donald Trump on abortion, in two quotes from tonight's debate:â€¦ "
788913761297903600,"GypsyPiaf_Padam","Thu Oct 20 01:24:32 +0000 2016","#debatenight #debate2016 @kathygriffin @cher @Pink WHEP!!! ""The Wall"" again. ""We have some bad ""Umbres"" here...""???ğŸ‘ŠğŸ¼ğŸ‘ŠğŸ¼ğŸ‘ŠğŸ¼ğŸ‘ŠğŸ¼"
788913803245162500,"NiTraigoDrogas","Thu Oct 20 01:24:42 +0000 2016","RT @SoyBienPrincess: ""Tonto"", ""bobo"", es la manera mÃ¡s bonita de una mujer para decir ""te quiero""."
788913803266326500,"libertyvstyrany","Thu Oct 20 01:24:42 +0000 2016","@HillaryClinton yeah find it so Hillary can pursue illegal immigration so she can get fuckin votes. Liar liar liar"
788913882945290200,"SydAngell","Thu Oct 20 01:25:01 +0000 2016","RT @jackangell28: wow, am i right?ğŸ˜ğŸ˜ @nelsonlaurenc https://t.co/oHWRBAze4X"
788913891325739000,"Mailen_Luna","Thu Oct 20 01:25:03 +0000 2016","@Seba73Lmds @MelyGhigliazza Los extraÃ±o, quiero estar con ustedes tomando algo fresquirijillo!"
788913903921135600,"namjohyuc","Thu Oct 20 01:25:06 +0000 2016",",IndosatCare: citraayuw Hai Kak, kalo kita bantu cek di lokasi Tapos, Depok belum tercover jaringan 4G nih. Kita sdg dalam masa perluasan. â€¦"
788913975211675600,"nnmywan05","Thu Oct 20 01:25:23 +0000 2016","RT @natalie_mu: æ©‹æœ¬å¥ˆã€…æœªãŒä¹ƒæœ¨å‚46ã‚’å’æ¥­ã€èŠ¸èƒ½ç•Œã‚‚å¼•é€€ https://t.co/GlFgqo8DCC https://t.co/q9k8uJpPPI"
788914000373350400,"80a23d2b1","Thu Oct 20 01:25:29 +0000 2016","RT to vote for @selenagomez as Favorite Female Artist - Pop/Rock at the #AMAs!"
788914042333044700,"manpuku18","Thu Oct 20 01:25:39 +0000 2016","RT @Manga_Materials: ã‚¢ãƒ©ãƒ–ã®éœ€è¦ã‚’æ„Ÿã˜ãŸã®ã§è¿½åŠ ã®ç„¡æ–™å†™çœŸã‚’ã‚¢ãƒƒãƒ—ã—ã¾ã—ãŸã€‚ã‚¢ãƒ©ãƒ–ã®å°ç‰©ã€å¸‚å ´ã€é£Ÿã¹ç‰©ã€ç ‚æ¼ ã€ãƒ©ã‚¯ãƒ€ã€é«˜åœ°ã€å»ƒå¢Ÿã€300æšå¼±ã€‚åŠ å·¥ã€ãƒˆãƒ¬ãƒ¼ã‚¹ã€å•†ç”¨åˆ©ç”¨ãªã©è‡ªç”±ã«ãŠä½¿ã„ãã ã•ã„ã€‚äºŒæ¬¡é…å¸ƒã€äºŒæ¬¡åŠ å·¥é…å¸ƒã®ã¿ã”é æ…®é¡˜ã„ã¾ã™ã€‚â€¦ "
788914054907633700,"BadgrGrl21","Thu Oct 20 01:25:42 +0000 2016","""He choked."" Heh #debatenight"
788914084272074800,"CLEsportsgirl_","Thu Oct 20 01:25:49 +0000 2016","RT @munchie216: lol Amanda the fortune teller https://t.co/Dx1NC7Dge5"
788914088466223100,"pax_ephemeral","Thu Oct 20 01:25:50 +0000 2016","#verymuchbetter #RUpresidentialdebate"
788914096846569500,"fatihkocer577","Thu Oct 20 01:25:52 +0000 2016","RT @darbenotlari: DÄ±ÅŸiÅŸleri BakanÄ± MevlÃ¼t Ã‡avuÅŸoÄŸlu: Ä°slam Ä°ÅŸbirliÄŸi TeÅŸkilatÄ± FETÃ–'yÃ¼ terÃ¶r Ã¶rgÃ¼tÃ¼ ilan etti. https://t.co/EzQrogxtIh"
788914189133811700,"Talldarkjohnny","Thu Oct 20 01:26:14 +0000 2016","RT @noraataalal: Left my little brother alone for a week, I sent him a message asking how he is and this is what he replied ğŸ™ƒğŸ™ƒğŸ™ƒ https://t.câ€¦"
788914193311342600,"captainslogbot","Thu Oct 20 01:26:15 +0000 2016","Stardate 58732.0: the biology of Vulcans fixed Shakespeare"
788914210092814300,"ebayrtstore","Thu Oct 20 01:26:19 +0000 2016","https://t.co/q9MfWSh5T0 #Ticket â€“ 2 Tickets fÃ¼rs DERBY *** BORUSSIA DORTMUND â€“ Schalke 04 *** SÃœDOST-TribÃ¼ne #deutâ€¦ https://t.co/S71tGv35L8"
788914214282801200,"dania_ar3","Thu Oct 20 01:26:20 +0000 2016","RT @melt2727: #FNAFHS 
golden freddy!!!!!! https://t.co/VjKASpYnGO"
788914231055904800,"meninapeculiarr","Thu Oct 20 01:26:24 +0000 2016","@SaRoodriguess  tÃ´ ligada ! TaK ovo"
788914268812959700,"FORGIVENATE","Thu Oct 20 01:26:33 +0000 2016","@HOTGALATHENA give me a slice?"
788914344297771000,"_kiaramonae_","Thu Oct 20 01:26:51 +0000 2016","RT @glogang_jmoree: play fighting with your girlfriend ğŸ˜­ğŸ’ªğŸ¾â¤ï¸"
788914382071738400,"frootymia","Thu Oct 20 01:27:00 +0000 2016","HAHAHAHH https://t.co/rcLZtGZohW"
788914398844694500,"WadaKen_1217","Thu Oct 20 01:27:04 +0000 2016","ã¦ã‹ã€ã‚¢ã‚¤ãƒ‰ãƒ«ã®å’æ¥­ã§æ¯å›æ€ã†ã®ã¯
å’æ¥­ã—ã¦ã‹ã‚‰ã‚‚èŠ¸èƒ½ç•Œã«æ®‹ã‚‹ã‹æ®‹ã‚‰ãªã„ã‹ã§
ä»Šå¾Œä¼šãˆã‚‹å¯èƒ½æ€§ã¨è¨€ã†éƒ¨åˆ†ã§ã®
ã‚·ãƒ§ãƒƒã‚¯ã®å·®ã‚‚å…¨ç„¶é•ã†ã®ã‹ãªãã¨ã€‚

å’æ¥­å¾Œã¯ä¼šãˆã‚‹å¯èƒ½æ€§ãªã„ã—
æ¡æ‰‹åˆ¸ã‚‚å’ã‚³ãƒ³ã®ãƒã‚±ã‚‚å–ã‚Œã¾ã›ã‚“ã§ã—ãŸã˜ã‚ƒ
ç¾å ´è¡Œã£ã¦æ¨ã—ã¦ã‚‹äººã»ã©
ã‚·ãƒ§ãƒƒã‚¯ã‚‚ã‹ãªã‚Šå¤§ãã„ã®ã‹ãªãï¼Ÿã¨"
788914411444564000,"chicadfuego","Thu Oct 20 01:27:07 +0000 2016","buenas noches; https://t.co/S49hcJ9slM"
788914440766914600,"BookerT48","Thu Oct 20 01:27:14 +0000 2016","Trump walks right into that one. Hillary is hammering him and sticking him in the ribs.#debatenight"
788914444990574600,"lexylg27","Thu Oct 20 01:27:15 +0000 2016","RT @chainIessly: how many nights does it take to count the stars? 
that's the time it would take to fix my broken heart."
788914528855679000,"joshwentworth1","Thu Oct 20 01:27:35 +0000 2016","Hills with the body blows. #Debatenight"
788914633725870100,"SydneeSchae","Thu Oct 20 01:28:00 +0000 2016","RT @mcgoin_nowhere: was gonna watch the 3rd debate but Thanksgiving and Christmas are coming up so I can wait till then to watch old peopleâ€¦"
788914658878947300,"politicsisweird","Thu Oct 20 01:28:06 +0000 2016","Drink when he says ""big league."""
788914671478800400,"DesireeDenine","Thu Oct 20 01:28:09 +0000 2016","Who do you love? â€” Alot of important people but I love myself alot too (: https://t.co/f8lAv6h83N"
788914688239120400,"mkeitner","Thu Oct 20 01:28:13 +0000 2016","cut the mics in 2020"
788914700822126600,"waldergalvao","Thu Oct 20 01:28:16 +0000 2016","RT @luscas: SCOOOOOOOT ME AJUDE EU NAO TO CONSEGUINDO CONTROLAR MEUS PODERES https://t.co/oUPothPTuf"
788914767951978500,"jessicakobeissi","Thu Oct 20 01:28:32 +0000 2016","RT @LuvPug: I can't believe I'm watching this crap again
#debate"
788914772129357800,"dftbaDarling","Thu Oct 20 01:28:33 +0000 2016","I went to school w a lot of undocumented immigrants &amp; the exploitation and fear of losing their families was their worst fear. #debatenight"
788914835060850700,"JackTHoffman","Thu Oct 20 01:28:48 +0000 2016","We better fucking score rn"
788914910553968600,"miwateeen07092n","Thu Oct 20 01:29:06 +0000 2016","RT @papparapon_pon: ã“ã†ã‚†ã†ã„ããªã‚Šåå‰å‘¼ã³ã˜ã‚ã‚‹ã‹ã‚‰LINEã¨ã°ã™â•°( ^o^)â•®-ï½¡ï½¥*ï½¥:â‰¡"
788914918925832200,"sen_oooku","Thu Oct 20 01:29:08 +0000 2016","@syunsukekyosuke 
ãã‚ƒãããğŸ’€ğŸ’€ğŸ’€ğŸ’€ğŸ’€"
788914952476041200,"AyannaTheJeffff","Thu Oct 20 01:29:16 +0000 2016","RT @boptavioooo: @Edgalloway_ no"
788915044767535100,"hicoitii","Thu Oct 20 01:29:38 +0000 2016","RT @livedoornews: ã€ãƒ™ãƒ¼ãƒ«è„±ãã€‘ä»»å¤©å ‚ã€ãã‚‡ã†20æ—¥23æ™‚ã«ã€ŒNXã€ã®æ˜ åƒã‚’å…¬é–‹ï¼
https://t.co/sbTc7V3gBT

ä»»å¤©å ‚ãƒ›ãƒ¼ãƒ ãƒšãƒ¼ã‚¸ã«ã¦ã€Œ3åˆ†ã»ã©ã®çŸ­ã„æ˜ åƒã€ã‚’å…¬é–‹ã™ã‚‹ã€ã¨å…¬å¼Twitterã§äºˆå‘Šã—ã¦ã„ã‚‹ã€‚ https://t.co/BEaâ€¦"
788915044767719400,"NewSportCardsN","Thu Oct 20 01:29:38 +0000 2016","34 1995-96 Skybox Series 2 Hobby Packs Michael Jordan Kevin Garnett RC + MORE! https://t.co/7dnym1zwT2 https://t.co/02dR8iyKs4"
788915111876370400,"MarcoGutierrez","Thu Oct 20 01:29:54 +0000 2016","RT @ArthurCSchaper: #LyingHillary: ""@realDonaldTrump bashed all immigrants. No! He bashed the porous borders which allow criminals Right @Mâ€¦"
788915137050730500,"cursedbbh","Thu Oct 20 01:30:00 +0000 2016","Telkomsel: GilangN_S Hai. Terkait jaringan 4G, saya cek Jasinga, Bogor sebagian telah ter cover 4G. Info lengkap https://t.co/2RMnFFBGEU. Iâ€¦"
788915137025568800,"Mirgorod_Castle","Thu Oct 20 01:30:00 +0000 2016","@Vineesh72086319 Due to financial rates, Iâ€™m a successful binary trader. @t_molodoy"
788915149604130800,"sebsbeanie","Thu Oct 20 01:30:03 +0000 2016","I don't like Hillary, but I'd rather have her than soggy cheeto"
788915183183863800,"VvvvSol","Thu Oct 20 01:30:11 +0000 2016","RT @RocioVip81: Encima le llama hija de puta, despues de tratarla de loca, de enferma, etc https://t.co/pVy5Ftgnms"
788915204155473900,"MelanieAnabela","Thu Oct 20 01:30:16 +0000 2016","RT @MiltonPercivati: Mis ganas de ir al colegio https://t.co/0SCn2iLshM"
788915288037269500,"jjjocelynnn","Thu Oct 20 01:30:36 +0000 2016","RT @emilynussbaum: I'm literally tearing up at how great her answers are, richly detailed, global, wonderful."
788915350951776300,"et122bot","Thu Oct 20 01:30:51 +0000 2016","æ°—å‹•è»Šã¯é…ã„ãªã‚“ã¦è¨€ã‚ã‚Œã‚‹ã®ã¯ã‚‚ã†æ˜”ã®è©±ã ãœ"
788915409663647700,"ponpokomuchi","Thu Oct 20 01:31:05 +0000 2016","ãƒ•ã‚¡ãƒ³ã‚­ãƒ¼ãƒãƒ¥ãƒƒãƒãƒ¥ãƒƒã§ã‚é ­ãŒãŠã‹ã—ããªã£ã¦ã—ã¾ã£ãŸã®ï¼Ÿ @AbemaTV https://t.co/4fktSS1J9g"
788915485148602400,"DavidJuurlink","Thu Oct 20 01:31:23 +0000 2016","@ACTINOSProject observation: you identified the subject, not me"
788915527095681000,"Chamber_K_6626","Thu Oct 20 01:31:33 +0000 2016","@__HALKA_AMM ç§ã¯ï¼Œã„ã„é›°å›²æ°—æ”¯æ´ã‚¤ãƒ³ã‚¿ãƒ¼ãƒ•ã‚§ã‚¤ã‚¹ã‚·ã‚¹ãƒ†ãƒ ï¼è²´å›ã‚‰ã®æ±ºå®šçš„ç¬é–“ã‚’ã„ã¡ã„ã¡ç¢ºèªã™ã‚‹ã“ã¨ã§å­˜åœ¨æ„ç¾©ã‚’é”æˆã™ã‚‹ï¼"
788915548100845600,"Khriztaph","Thu Oct 20 01:31:38 +0000 2016","RT @GaryJanetti: Ironically Trump looks like an abortion."
788915581638414300,"bunnyhuffer","Thu Oct 20 01:31:46 +0000 2016","RT @SebastianMalloy: Gee, I'd love to watch the debate, but I'm going to be busy chewing balls of aluminum foil for the next three hours inâ€¦"
788915590035537900,"amassaluis","Thu Oct 20 01:31:48 +0000 2016","Vamos fazer mais um Palmeiras"
788915606812815400,"Trish97439441","Thu Oct 20 01:31:52 +0000 2016","RT @YoungDems4Trump: PUTIN HAS NO RESPECT FOR HER OR FOR OBAMA
#Debate"
788915627780141000,"VisualPersist","Thu Oct 20 01:31:57 +0000 2016","RT @N_DeSa11: 3.2 @CharityMiles for @WFP. Thx2 @Humana for sponsoring me! https://t.co/P4POmWkVhq #StartWithHealthy"
788915631949221900,"_matthewstewart","Thu Oct 20 01:31:58 +0000 2016","FOR THIS......

................................................

..........PERSON"
788915678111674400,"re_write1","Thu Oct 20 01:32:09 +0000 2016","@yskn09_spl ãã†ã§ã™ã­ï¼è£å–ã‚Šã—ã¦ã‚‹ãªã‚‰ç”²ãƒ¯ã‚¶ã¨ç”Ÿã‚„ã•ãªã„ã®ã‚‚æ‰‹ã§ã™ã­(*Â´ãƒ¼ï½€*)ãƒãƒ¬ã¦ã—ã¾ã†ã®ã§

ã‚»ãƒ³ã‚µãƒ¼ã¯è‡ªåˆ†ã§ä½ç½®æƒ…å ±çŸ¥ã‚‹ã ã‘ã§ãªãã‚¹ãƒšåˆã‚ã›ã‚‹ã¨ã‚­ãƒ«åŠ›ã‚‚ã ã„ã¶ä¸ŠãŒã‚Šã¾ã™ã‚‚ã‚“ã­ãƒ½(Â´ãƒ¼ï½€)ï¾‰"
788915682318643200,"mateeus_falcao","Thu Oct 20 01:32:10 +0000 2016","Kkkkkkkkkkkkkkkkkkkkkkkkk se nÃ£o fosse o Allione"
788915732625104900,"TaylorJackson17","Thu Oct 20 01:32:22 +0000 2016","RT @THESethHughes: Her bringing up Russia was the most predictable line of the night."
788915732637777900,"kaitlynapage","Thu Oct 20 01:32:22 +0000 2016","@jaceyidkk @flourcrownsarah @zoe13925 aw thank you"
788915732650352600,"TinaMariexxx","Thu Oct 20 01:32:22 +0000 2016","#debatenight ğŸ’©"
788915761981100000,"lulu_laysa","Thu Oct 20 01:32:29 +0000 2016","dÃ¡ p fazer mais um em"
788915791353765900,"skilletrox23","Thu Oct 20 01:32:36 +0000 2016","""No puppet!!!!!"" oh my word #bruinvote16"
788915820709556200,"7ALopez","Thu Oct 20 01:32:43 +0000 2016","RT @Cuauhtemoc_1521: Les comparto otra foto de la que fue la cantina mÃ¡s antigua de la #CDMX llamada el Nivel. La foto data de ca.1890-1â€¦ "
788915833288482800,"SantiagoPerez_x","Thu Oct 20 01:32:46 +0000 2016","Como lo hago para tener emoticons en el iPhone"
788915854251593700,"marcyerin","Thu Oct 20 01:32:51 +0000 2016","@LaaPolastrelli âš°ï¸"
788915854268309500,"aboibraheem1233","Thu Oct 20 01:32:51 +0000 2016","Ø£Ø°ÙƒØ± Ø§Ù„Ù„Ù‡ : Ù„Ø§ Ø¥Ù„Ù‡ Ø¥Ù„Ø§ Ø§Ù„Ù„Ù‡ https://t.co/vriV8g2DjE"
788915891995942900,"thedeeedisdone","Thu Oct 20 01:33:00 +0000 2016","RT @HindustaniRani: Incidentally, ""we have some bad ombrÃ©s here and we're gonna get them out"" was a major line of reasoning in my haircut câ€¦"
788915900397162500,"gerfingerpoken2","Thu Oct 20 01:33:02 +0000 2016","Traitor Barack Hussein Obama ""Not Interested in America Winning"": American Thinker https://t.co/H7x6A7v0Cf   - https://t.co/dJLGuj3dHE 210"
788915917178626000,"trophy_waifu","Thu Oct 20 01:33:06 +0000 2016","No puppet! No you're the puppet!!"
788915921372995600,"NEILTONKS","Thu Oct 20 01:33:07 +0000 2016","RT @realDonaldTrump: Moderator: Hillary paid $225,000 by a Brazilian bank for a speech that called for â€œopen borders.â€ Thatâ€™s a quote! #Debâ€¦"
788915933947453400,"_anthonymoran","Thu Oct 20 01:33:10 +0000 2016","RT @BernieSanders: We have got to defeat Donald Trump and do everything we can to elect Hillary Clinton to the White house. #DemsInPhilly"
788915938137550800,"marr0queen","Thu Oct 20 01:33:11 +0000 2016","RT @_YoungDavey: https://t.co/fw5QFU5xpv"
788915971721355300,"hunnibee10","Thu Oct 20 01:33:19 +0000 2016","S/O to @aintnogravity for the last year!!"
788916072363745300,"Nessa_dias23","Thu Oct 20 01:33:43 +0000 2016","De tÃ£o doendo que meu corpo tÃ¡"
788916105909768200,"lilmammaa47","Thu Oct 20 01:33:51 +0000 2016","RT @uglyself_: i trip bc i care. when i stop tripping , you'll care. &amp; when i stop caring , don't trip."
788916152047198200,"MikePFahey","Thu Oct 20 01:34:02 +0000 2016","RT @KLSouth: Hillary -&gt; Blame the Russians!  Ha Ha Ha Ha Ha Ha HA Ha Ha!! #Debate #DebateNight"
788916160456749000,"Adolfo_Legnar","Thu Oct 20 01:34:04 +0000 2016","RT @leopoldolopez: Hoy Leopoldo pudo ver a su abogado. MandÃ³ mensaje a @JoseVicenteG y todos los jÃ³venes q se mantienen firmes en la luchaâ€¦"
788916185630924800,"belof30","Thu Oct 20 01:34:10 +0000 2016","Russel needed that"
788916189791674400,"matharifa","Thu Oct 20 01:34:11 +0000 2016","RT @SacCruzeiro_: EU TÃ” COM ENJÃ”O"
788916189821014000,"Selahattin1K","Thu Oct 20 01:34:11 +0000 2016","@HillaryClinton big respect for--mr.selahattin kÃ¶se 1971--bravo!!!your the best!!!!!thank you!!!!"
788916189799944200,"Akwaijim","Thu Oct 20 01:34:11 +0000 2016","@CanadianPM please watch 
https://t.co/LfK7ERyrUM"
788916219164393500,"isabelledmc","Thu Oct 20 01:34:18 +0000 2016","PimpÃ£o jÃ¡ disse que te amo mas vou dizer de novo TE AMOOOO"
788916286260645900,"cmadmichelle","Thu Oct 20 01:34:34 +0000 2016","RT @Refinery29: I'm with her. LB #debate https://t.co/621AaMiO1V"
788916298877132800,"ki3riz","Thu Oct 20 01:34:37 +0000 2016","RT @wowchey: the only nigga getting spoiled like this will be my son https://t.co/CKBulOyngX"
788916345014521900,"eacademico","Thu Oct 20 01:34:48 +0000 2016","Muy bien  #FAOUCenCrisis,  esperando sean escuchados y lo mÃ¡s importante SoluciÃ³n / #UCsomosTodos https://t.co/wa0HkC18Po"
788916386923962400,"ingrydbr","Thu Oct 20 01:34:58 +0000 2016","A Ãºnica coisa que eu consigo falar hoje https://t.co/VT3DCdhdoe"
788916416283938800,"cheryllynnweiss","Thu Oct 20 01:35:05 +0000 2016","@TheFix he's unraveling like a cheap suit."
788916424685162500,"DawnLena1109","Thu Oct 20 01:35:07 +0000 2016","RT @ddale8: Wait, what? Trump usually falsely claims Obama deports nobody. Now he's correctly saying Obama has deported millions."
788916542142574600,"Agustinacacer28","Thu Oct 20 01:35:35 +0000 2016","Ya no se de donde sacar fuerzas, no quiero hablar con nadie solo quiero que todo este bien y se solucionen las cosas."
788916542121455600,"hottapswife","Thu Oct 20 01:35:35 +0000 2016","Our military knows nothing? #debatenight"
788916571473227800,"Kel_BriBrie","Thu Oct 20 01:35:42 +0000 2016","Come estas.? https://t.co/pxPTXhz5QV"
788916596655915000,"his_cupof_tee","Thu Oct 20 01:35:48 +0000 2016","RT @Biggeedher: Sometimes you gotta hold yourself accountable for the people you bring in your life."
788916596639207400,"mradddd","Thu Oct 20 01:35:48 +0000 2016","""I don't know Putin. I haven't met him. I'm not friends with Putin"" -Trump

Oh really??? You're a liarâ€¦ https://t.co/J6j3jOyV3u"
788916621834195000,"gerardotorres02","Thu Oct 20 01:35:54 +0000 2016","@Volkswagen_MX ok, muchas gracias"
788916676335112200,"kourt423","Thu Oct 20 01:36:07 +0000 2016","Throwback to when Obama laughed at mitt Romney for saying Russia was a threat they're about to nuke all of our asses now"
788916705720434700,"_tanoDiLuca_","Thu Oct 20 01:36:14 +0000 2016","Que se pueden esperar de estos mediocres emelecistas gritando gol ajeno vergÃ¼enza!!!"
788916705703579600,"arvani01","Thu Oct 20 01:36:14 +0000 2016","RT @FrankLuntz: Voters do not want to hear Hillary blame Russia. Her numbers tanked during her anti-Putin rant.  #Debate https://t.co/p81Kwâ€¦"
788916739258118100,"XOXO_BrittLee","Thu Oct 20 01:36:22 +0000 2016","TRUMP 2016"
788916739274858500,"alexcanmu","Thu Oct 20 01:36:22 +0000 2016","RT @VamosLenin: Presidente de El Salvador @sanchezceren, @Lenin Moreno y su Esposa junto al cuadro del MonseÃ±or Arnulfo Romero.â€¦ "
788916789593923600,"iartt_55","Thu Oct 20 01:36:34 +0000 2016","RT @___is3od: Ø§Ù„Ù„Ù‡Ù“Ù€Ù…Ù° Ø£Ù„Ù‚Ù‘ÙŠÙ° Ø¹Ù„ÙŠÙ†Ø¢Ø§ Ù…Ø­Ø¨ØªÙÚ¯ Ù„Ù†ÙƒÙˆÙ† Ø³ÙØ¹ÙØ¯Ø¢Ø¡ . .
( ÙˆØ§Ù„Ù‚Ù‘ÙŠÙ° Ø¹Ù„ÙŠÙ†ÙØ¢Ø§ Ø±ÙØ¶ÙØ¢Ø¥Ú¯ Ù„Ù†ÙƒÙˆÙ† Ø£ØªÙ‚ÙŠÙØ¢Ø§Ø¡ )"
788916797990801400,"anz1t1","Thu Oct 20 01:36:36 +0000 2016","@fumitwinsworld å¿œæ´ã—ã¦ã¾ã™ï¼ï¼é ‘å¼µã£ã¦ãã ã•ã„ğŸ‡°ğŸ‡·"
788916894443057200,"taynaheinemann","Thu Oct 20 01:36:59 +0000 2016","Terminou."
788916911237136400,"Dreassing","Thu Oct 20 01:37:03 +0000 2016","RT @grandeza_pura: ğŸ”¥Ladies It's LIT!!!ğŸ”¥
Deep V-Neck Jumpsuits ğŸ˜ğŸ˜©
Get 15% Off With Promo Code ""GOAT""
Order Now At â¡ï¸â€¦ "
788916919617200100,"Harmony_Lama","Thu Oct 20 01:37:05 +0000 2016","10 fun fall dates https://t.co/EET8by8q9p via @LittleDove_blog"
788917083182628900,"markimalarki","Thu Oct 20 01:37:44 +0000 2016","RT @ryanmer: Please record 9:34 ET as the time that his meds wore off. https://t.co/8efuHV8BUS"
788917158692556800,"growup33567142","Thu Oct 20 01:38:02 +0000 2016","@No5648 (ê¦Â°á·„Ğ´Â°á·…)ï¼Ÿ"
788917167093850100,"camren5tharmony","Thu Oct 20 01:38:04 +0000 2016","O placar 4x2 e os jogadores chorando, querem anular quais dos gols?"
788917213239447600,"larrysfuneral","Thu Oct 20 01:38:15 +0000 2016","RT @HillaryClinton: ""Vladimir Putin...isn't my best friend."" â€”Donald Trump #DebateNight https://t.co/sMlHIuxvYx"
788917234190037000,"yessii922","Thu Oct 20 01:38:20 +0000 2016","RT @tvtelehit: Â¿QuÃ© te pareciÃ³ nuestro nuevo conductor? Â¿Ya eres fan de @_alexsotelo? https://t.co/gY56jyoSzp"
788917255165718500,"alexsis_thain17","Thu Oct 20 01:38:25 +0000 2016","RT @girlposts: AHS is on tonight and so is the presidential debate, so basically there are two different American Horror Stories on tonight"
788917297112944600,"M_r_o_17","Thu Oct 20 01:38:35 +0000 2016","@tomsak73 
ãªã‚“ã‹ã€ä½œã‚Šæ–¹ã™ã‚‰æ•™ãˆã‚‰ã‚Œãªã„ã¾ã¾
ï¼’å›ç›®ã®æ¨¡å‹ãªã‚“ã§ã™ã‘ã©
ä½œã‚Šæ–¹æ•™ãˆãªã„å‰²ã«
æŒ‡æ‘˜ç´°ã‹ã„ã‹ã‚‰èãˆã¦ã¾ã™ğŸ˜«
ãŠäº’ã„é ‘å¼µã‚Šã¾ã—ã‚‡ã†ã†ã†( Â´âˆµï½€)( Â´âˆµï½€)"
788917385185091600,"sheii_soledad","Thu Oct 20 01:38:56 +0000 2016","La saludo a mi viejağŸ˜®ğŸ¤—"
788917401966547000,"SmilexSP","Thu Oct 20 01:39:00 +0000 2016","Pregunto: revÃ©s con dos manos o una? Que es mÃ¡s cÃ³modo para vos? @PaulitaManino"
788917418726985700,"ArieMacCa","Thu Oct 20 01:39:04 +0000 2016","Tolong cc in ke akun yang menurut kalian manwhore dong.. ğŸ˜"
788917435533496300,"augustoogui","Thu Oct 20 01:39:08 +0000 2016","RT @BotafogoOficial: 49'/2T - ACABOU!!!!

COM GOL DE PIMPÃƒO NO FIM, FOGÃƒO VENCE A QUINTA SEGUIDA NO BRASILEIRÃƒO! 

Santa Cruz 0x1 BOTAFOâ€¦ "
788917452281409500,"azorangel1","Thu Oct 20 01:39:12 +0000 2016","@yorch_porty @Aanto_08 yo diria que mas de una ducha pero bue"
788917511014256600,"rogergumley","Thu Oct 20 01:39:26 +0000 2016","RT @bloodless_coup: China STILL forces abortions, Madame Secretary of State. You know that.  #debatenight"
788917599098769400,"victoradef","Thu Oct 20 01:39:47 +0000 2016","RT @realDonaldTrump: .@HillaryClinton has been a foreign policy DISASTER for the American people. I will #MakeAmericaStrongAgain #Debateâ€¦ "
788917628438011900,"positiveparsy","Thu Oct 20 01:39:54 +0000 2016","RT @WVVYBOY: Old Persian women adore me"
788917632653070300,"shinan_rock","Thu Oct 20 01:39:55 +0000 2016","@moko_serendip å¢—ãˆã¾ã—ãŸã‚ˆã­ã€œä¾¿åˆ©ãªã‚“ã§ã™ã­"
788917636860084200,"IlmaraJaurello","Thu Oct 20 01:39:56 +0000 2016","Quero morrer"
788917649426247700,"brownsugar7878","Thu Oct 20 01:39:59 +0000 2016","Trump has been drawn into defending Putin, as intended. #debatenight"
788917687174987800,"Leekherbo","Thu Oct 20 01:40:08 +0000 2016","RT @Leekherbo: Want A Photoshoot Like This ! ğŸ˜³ğŸ”¥ https://t.co/5yyxTPFCC3"
788917796243726300,"OpusVigoratis","Thu Oct 20 01:40:34 +0000 2016","Well Hillary speaks nonsense, now let's hear what Trump has to say about steriods and trickle down"
788917825595408400,"juucaf","Thu Oct 20 01:40:41 +0000 2016","@laelencristine hino da Life 
Olha obrigadaaaa por me lembrar e matar quase meia noite"
788917859162390500,"AbigailTee_","Thu Oct 20 01:40:49 +0000 2016","""She has proved to be a liar.""

""Well, I'm just quoting you."" 

#debatenight https://t.co/EwlWpP9VHe"
788917913688375300,"TanaCarbone","Thu Oct 20 01:41:02 +0000 2016","Q antiguo son los recursos de LOS RICOS NO PIDEN PERMISO. Siento q estoy en los 90.La invalida,la enfermedad terminal.Nuevito nuevito todo"
788917922064248800,"rpkxb2_","Thu Oct 20 01:41:04 +0000 2016","RT @icejiinhalamy: à¹„à¸¡à¹ˆà¹€à¸‚à¹‰à¸²à¹ƒà¸ˆ à¹€à¸›à¹‡à¸™à¸„à¸§à¸²à¸¡à¸£à¸¹à¹‰à¸ªà¸¶à¸à¹à¸£à¸à¸•à¸­à¸™à¸”à¸¹500DaysOfSummerà¸ˆà¸š à¸ˆà¸™à¸§à¸±à¸™à¸—à¸µà¹ˆà¹€à¸¥à¸´à¸à¸à¸±à¸šà¹à¸Ÿà¸™à¸™à¸µà¹ˆà¹à¸«à¸¥à¹ˆà¸° 500daysà¸à¹‡à¸à¸¥à¸²à¸¢à¹€à¸›à¸™à¸«à¸™à¸±à¸‡à¹€à¸£à¸·à¹ˆà¸­à¸‡à¹€à¸”à¸µà¸¢à¸§à¸—à¸µà¹ˆà¸à¸²à¹€à¸£â€¦ "
788917993354907600,"mynameisaina_","Thu Oct 20 01:41:21 +0000 2016","RT @itslifethought: Try not to take things personally; what people say about you is a reflection of them, not you."
788918018546004000,"Ludmilanetto","Thu Oct 20 01:41:27 +0000 2016","RT @AVENAoficial: Hahaha citaram a palestra da Hillary no Brasil. Tinham q citar o Brasil em bosta sempre! Hahahaha #Debate"
788918043694944300,"KTULNews","Thu Oct 20 01:41:33 +0000 2016","Trump says we've doubled our national debt under Obama. #debate"
788918056290492400,"LosephBropez","Thu Oct 20 01:41:36 +0000 2016","RT @Oatmeal: How to Trump during #Debatenight https://t.co/z1GLTlhLqC"
788918098233585700,"SammyFitzgeral7","Thu Oct 20 01:41:46 +0000 2016","RT @creatingsarcasm: #PSAT 
Dolphin: What's POPpin?
Toadfish: https://t.co/kgBUi8AoLM"
788918106601193500,"agua_papi","Thu Oct 20 01:41:48 +0000 2016","@gucci1017 best rapper of the year. easy"
788918131762704400,"RachyPishy","Thu Oct 20 01:41:54 +0000 2016","@realDonaldTrump BILL CLINTON IS NOT RUNNING FOR PRESIDENT."
788918148565200900,"justpowers","Thu Oct 20 01:41:58 +0000 2016","What the hell is he talking about. #ImWithHer #debatenight"
788918182102773800,"Violette1999","Thu Oct 20 01:42:06 +0000 2016","RT @Calum5SOS: My uber driver called me 'Big Dawg' today. Guess who got 5 stars?"
788918182107050000,"johannayesenia_","Thu Oct 20 01:42:06 +0000 2016","RT @PresidenciaCNE: NOTICIA: #CNE clausurÃ³ primera Escuela de FormaciÃ³n DemocrÃ¡tica y Social para JÃ³venes en Azuay. AquÃ­ te contamos mÃ¡â€¦ "
788918190504046600,"014908608","Thu Oct 20 01:42:08 +0000 2016","(Ù…Ø§ Ø®Ù„Ù‚Ù†Ø§ Ø§Ù„Ø³Ù…Ø§ÙˆØ§Øª ÙˆØ§Ù„Ø£Ø±Ø¶ ÙˆÙ…Ø§ Ø¨ÙŠÙ†Ù‡Ù…Ø§ Ø¥Ù„Ø§ Ø¨Ø§Ù„Ø­Ù‚ ÙˆØ£Ø¬Ù„ Ù…Ø³Ù…Ù‰ ÙˆØ§Ù„Ø°ÙŠÙ† ÙƒÙØ±ÙˆØ§ Ø¹Ù…Ø§ Ø£Ù†Ø°Ø±ÙˆØ§ Ù…Ø¹Ø±Ø¶ÙˆÙ†) [Ø§Ù„Ø£Ø­Ù‚Ø§Ù:3]"
788918203082739700,"Knuckles1999","Thu Oct 20 01:42:11 +0000 2016","RT @Corinthians: Cruzeiro 4 x 1 Corinthians

#CRUxCOR 37' 2T"
788918224054128600,"BreeGhost","Thu Oct 20 01:42:16 +0000 2016","@_dustx it's obvious"
788918249198985200,"1chan_15_","Thu Oct 20 01:42:22 +0000 2016","å®å¡šè¦³ã¦ãã‚‹ï¼ https://t.co/GqjOwiI6We"
788918261811449900,"BCharlize","Thu Oct 20 01:42:25 +0000 2016","RT @Gismar_andradee: Agora vou dormir kkk pq sÃ£o muitas pessoas chatas pra amolar"
788918274385858600,"Tumtam89","Thu Oct 20 01:42:28 +0000 2016","RT @princejira: à¸«à¸¡à¸­à¸™à¸§à¸”à¹€à¸ˆà¹‰à¸²à¹€à¸ªà¸™à¹ˆà¸«à¹Œ https://t.co/pZyZeigRY5"
788918303720742900,"Levibrown404","Thu Oct 20 01:42:35 +0000 2016","For once trump wasn't the guy using bernie as a buzzword."
788918328894992400,"SamRMoore","Thu Oct 20 01:42:41 +0000 2016","Trump's foreign policy and trade policy is just extortion. #debate"
788918345668100100,"deejai15","Thu Oct 20 01:42:45 +0000 2016","RT @GMA: Here's @POTUS and @FLOTUS at their first and last state dinners, separated by 2,520 days. https://t.co/DbUBAB52Zx"
788918366656270300,"StaciMarie27","Thu Oct 20 01:42:50 +0000 2016","Easy money today ğŸ¤‘ğŸ¤‘ğŸ¤‘"
788918467298721800,"Souza_Ju46","Thu Oct 20 01:43:14 +0000 2016","RT @ClassRecitou: Me tratou bem, eu trato melhor ainda."
788918517667987500,"happa_kiseki","Thu Oct 20 01:43:26 +0000 2016","ãƒ‰ãƒ©ãƒ•ãƒˆä¼šè­°ã£ã¦ã„ã¤ã‹ã‚‰"
788918526048342000,"AbwHany2012","Thu Oct 20 01:43:28 +0000 2016","Ø§Ù„Ù„Ù‡Ù… Ø¥Ù†ÙŠ Ø£Ø¹ÙˆØ° Ø¨Ùƒ Ù…Ù† Ø¹Ø°Ø§Ø¨ Ø§Ù„Ù‚Ø¨Ø± ÙˆØ£Ø¹ÙˆØ° Ø¨Ùƒ Ù…Ù† ÙØªÙ†Ø© Ø§Ù„Ù…Ø³ÙŠØ­ Ø§Ù„Ø¯Ø¬Ø§Ù„ ÙˆØ£Ø¹ÙˆØ° Ø¨Ùƒ Ù…Ù† ÙØªÙ†Ø© Ø§Ù„Ù…Ø­ÙŠØ§ ÙˆÙØªÙ†Ø© Ø§Ù„Ù…Ù…Ø§Øª  https://t.co/7s8SMciEkd"
788918555391594500,"SasichJ","Thu Oct 20 01:43:35 +0000 2016","RT @readery_co: à¸–à¹‰à¸²à¸§à¸±à¸™à¸™à¸µà¹‰à¹ƒà¸„à¸£à¸–à¸²à¸¡à¸§à¹ˆà¸² à¸à¸²à¸£à¹€à¸›à¹‡à¸™à¸•à¸´à¹ˆà¸‡à¹ƒà¸«à¹‰à¸­à¸°à¹„à¸£à¹ƒà¸™à¸Šà¸µà¸§à¸´à¸•à¹€à¸£à¸²à¸šà¹‰à¸²à¸‡ à¸šà¸­à¸à¹„à¸›à¹€à¸¥à¸¢à¸„à¹ˆà¸°à¸§à¹ˆà¸² #à¸ˆà¸´à¸™à¸¢à¸­à¸‡à¸­à¹ˆà¸²à¸™ à¸—à¸³à¹ƒà¸«à¹‰à¹€à¸£à¸²à¸£à¸¹à¹‰à¸ˆà¸±à¸à¸«à¸™à¸±à¸‡à¸ªà¸·à¸­à¸”à¸µà¹†"
788918555387375600,"ekfVxAln6cZAy1s","Thu Oct 20 01:43:35 +0000 2016","RT @kusowarotanwwww: æœ€è¿‘ã®ãƒ­ãƒãƒ¼ãƒˆç§‹å±±å‹¢ã„ã‚ã‚Šã™ãw
ç„¡ç†ã—ã‚“ã©ã„ww https://t.co/R1lNNebF1Z"
788918580557516800,"angelinareine1","Thu Oct 20 01:43:41 +0000 2016","RT @tyleroakley: trump's resting smize-face, tyra is shook #debatenight"
788918630914195500,"Dowling_Sam","Thu Oct 20 01:43:53 +0000 2016","@Dowling_Sam @PizzaPartyBen"
788918635104395300,"normisv16","Thu Oct 20 01:43:54 +0000 2016","RT @BernieSanders: Donald Trumpâ€™s vision for America: tax breaks for billionaires and large corporations, poverty wages for working familieâ€¦"
788918643459559400,"AnonymousCine","Thu Oct 20 01:43:56 +0000 2016","@fmoeste * Necesito AYUDA !
https://t.co/qHC9ESMzW0
Economia Arg:
https://t.co/JlqQJReW7a https://t.co/MPTD1rj6OM"
788918681246036000,"melchuchuchu","Thu Oct 20 01:44:05 +0000 2016","voy a llenar todas mis redes sociales, porque fue algo hermoso https://t.co/JOO0ltokCJ"
788918794458632200,"baekskuzy","Thu Oct 20 01:44:32 +0000 2016","IndosatCare: Indra_setiono Hi kak, kami cek ada 1 konten dari 99517. Sudah kami bantu unreg ya. Nanti bisa cek STATUS ke 726 (gratis). Tq ^â€¦"
788918811231555600,"aidencalvin","Thu Oct 20 01:44:36 +0000 2016","Trump's gonna cut taxes three times more than Bush? By Bush logic we'll need to start at least 6 more wars in that case #Debate"
788918848988864500,"fooz_amole56","Thu Oct 20 01:44:45 +0000 2016","(ÙÙƒØ°Ø¨ÙˆÙ‡ ÙØ£Ø®Ø°Ù‡Ù… Ø¹Ø°Ø§Ø¨ ÙŠÙˆÙ… Ø§Ù„Ø¸Ù„Ø© Ø¥Ù†Ù‡ ÙƒØ§Ù† Ø¹Ø°Ø§Ø¨ ÙŠÙˆÙ… Ø¹Ø¸ÙŠÙ…) [Ø§Ù„Ø´Ø¹Ø±Ø§Ø¡:189] https://t.co/3f6THA5Yqb"
788918874183987200,"Txxh_","Thu Oct 20 01:44:51 +0000 2016","RT @roberto010716: e piru na thaysa e piru na fabiula https://t.co/bo3ETNJTTS"
788918932874944500,"zkinney","Thu Oct 20 01:45:05 +0000 2016","RT @DetroitRedWings: :05 more seconds, double a. #lgrw"
788918966424973300,"larrys1120","Thu Oct 20 01:45:13 +0000 2016","RT @jxsanaa: @larrys1120 LMFAO I STARTED DYING"
788918970632011800,"vivalatinkkk","Thu Oct 20 01:45:14 +0000 2016","RT @LXZahra: ğŸ’ğŸ½ https://t.co/NK1o0XV1AL"
788918979029045200,"abby_shands","Thu Oct 20 01:45:16 +0000 2016","RT @The_Iceman_Show: @abi_james14 @maggietmusic Hello, send the music over to our music director and team. Here's the submission link. httpâ€¦"
788918983202181100,"EdYourlifeline","Thu Oct 20 01:45:17 +0000 2016","She's still blaming Bush for the economy? #debatenight"
788919067109363700,"5HLoveJauregui_","Thu Oct 20 01:45:37 +0000 2016","RT @SweetDinahJH: Dinah siempre siendo una diosa hasta para pararse https://t.co/VZPt4BfKTe"
788919176161218600,"djross95","Thu Oct 20 01:46:03 +0000 2016","Omg, it's eight years since the recession, how long does Obama need to make things right? #debate"
788919192934285300,"MattAHorton","Thu Oct 20 01:46:07 +0000 2016","RT @malindalo: I hope when I'm 68 I am 1/3 as on the ball as Hillary is."
788919222281699300,"3500Laurel","Thu Oct 20 01:46:14 +0000 2016","@momopi0203 åã„ãŸã‚‰ç„¡ããªã‚Šãã†ww"
788919230691508200,"sbeazzy_","Thu Oct 20 01:46:16 +0000 2016","@bbellstafford lol bless she already trying to tweet, slow your roll girl lol ğŸ˜‚"
788919234864611300,"CalistaZhang","Thu Oct 20 01:46:17 +0000 2016","RT @BTS_twt: ëª¬ì§„ ë¶€ë¶€
#JIMIN
#ëª¨ë‹ˆ
#ì° https://t.co/NCpZ0mdcUG"
788919293580828700,"Naadinn","Thu Oct 20 01:46:31 +0000 2016","RT @OGBEARD: @Naadinn LMAO"
788919297775206400,"nikolasteixeir4","Thu Oct 20 01:46:32 +0000 2016","Procedimento dos menor aqui da firma"
788919297808605200,"MarcelaGara","Thu Oct 20 01:46:32 +0000 2016","RT @PPNYCAction: ""I want to make sure women get equal pay for the work they do."" @HillaryClinton #DebateNight #closethegap #equalpay https:â€¦"
788919314577489900,"Abo_lama__sa","Thu Oct 20 01:46:36 +0000 2016","RT @AdelAliBinAli: Ù‡Ù„ ØªÙƒØ°Ø¨ Ø§Ù„Ø£Ù… ØŸ! https://t.co/asRXtClo4d"
788919369086754800,"ScornedPatriot","Thu Oct 20 01:46:49 +0000 2016","RT @jeanniology: Hillary the woman who just said full term babies have no rights is criticizing Putin and Russia for what exactly?  #tcot #â€¦"
788919390066516000,"TrevorShankle","Thu Oct 20 01:46:54 +0000 2016","RT @CRNC: .@HillaryClinton's plan when it comes to addressing the deficit? SPEND MORE MONEY #debatenight https://t.co/AGJXsIaGj6"
788919490733969400,"maaaaaaaaaaryyy","Thu Oct 20 01:47:18 +0000 2016","RT @CalIigraphy: This is perfect https://t.co/zk9jqnR6AC"
788919520077475800,"WMcKeeTFD","Thu Oct 20 01:47:25 +0000 2016","Watching the #PresidentialDebate @CNN is out of sync. Making it actually entertaining like an oldschool  Kung-fu movie....."
788919532656009200,"natimontelongo","Thu Oct 20 01:47:28 +0000 2016","RT @leslieherod: We will invest form the middle out and the bottom up. Yes @HillaryClinton  we can get the whole economy moving forward #deâ€¦"
788919536875610100,"AramisLucas","Thu Oct 20 01:47:29 +0000 2016","Mi cel tomÃ³ la determinaciÃ³n de quedar en 1% y no cargar... Hace lo que quieras querido"
788919541057323000,"hanjokazooie","Thu Oct 20 01:47:30 +0000 2016","My name is Kit and I love @SenSanders v much, pls come back and save us"
788919549445931000,"Edenchucks1","Thu Oct 20 01:47:32 +0000 2016","RT @leoactivitys: 1997 / 2008 / 2016 https://t.co/zVKEdVlu0W"
788919549429059600,"Mr_Alexius","Thu Oct 20 01:47:32 +0000 2016","You can't change me. I am what I am."
788919603984347100,"glntydoi","Thu Oct 20 01:47:45 +0000 2016","RT @hrskksrh: ä¸æ€è­°â€¦å·®åˆ¥ç™ºè¨€ã‚’è¡Œã£ãŸæ©Ÿå‹•éšŠå“¡ã¨ãƒãƒ–ãƒ€ãƒã ã£ãŸã‚Šã™ã‚‹ã®ã‹ãªï¼Ÿ
ã©ã†ã‚„ã£ãŸã‚‰ä»–äººã®å¿ƒã‚’æ–­è¨€ã§ãã‚‹ã®ã‹
#æ²–ç¸„ https://t.co/tjrsNLVIwk"
788919645931733000,"catherineplz","Thu Oct 20 01:47:55 +0000 2016","i wish guys liked me back r.i.p"
788919750780784600,"Ytm_1023","Thu Oct 20 01:48:20 +0000 2016","ãƒ‡ãƒŸã‚°ãƒ©ã‚¹ã‚½ãƒ¼ã‚¹ã”é£¯ã‚‚ã„ã„ã‚ˆ"
788919754975240200,"iamsianna","Thu Oct 20 01:48:21 +0000 2016","Not going be able to get a new phone until November ğŸš®ğŸ˜‘"
788919780140982300,"nakamiyaaaafs","Thu Oct 20 01:48:27 +0000 2016","äºŒåä¸‡å††ã¨ã‹wwwwwwwwwww"
788919784339566600,"gabrielegalina","Thu Oct 20 01:48:28 +0000 2016","RT @wordltumblr: perdoar Ã© lindo mas mandar se foder Ã© libertador"
788919784343679000,"algbaseball12","Thu Oct 20 01:48:28 +0000 2016","RT @kevin_mickels: I'm cool with everyone but I only really fw maybe 6 people super heavy"
788919805298483200,"jenna_weston6","Thu Oct 20 01:48:33 +0000 2016","I just want to lay in bed &amp; read my sad books n cry"
788919847254126600,"vicdsouzas2","Thu Oct 20 01:48:43 +0000 2016","Vou levar esse colchÃ£o lÃ¡ pro ap Pq pqp estÃ¡ me quebrando td"
788919889167802400,"mandaleigh1687","Thu Oct 20 01:48:53 +0000 2016","RT @shondarhimes: If you don't understand the vagina, don't govern the vagina. #debate #VaginaEducation #shutup"
788919905978572800,"iZotopeInc","Thu Oct 20 01:48:57 +0000 2016","@AlexHammerDJ https://t.co/cYs4NjxOt8"
788919939532988400,"Bih_FuckYa","Thu Oct 20 01:49:05 +0000 2016","Yeaa https://t.co/PSQc4h9w5m"
788919947904766000,"oxfordmews","Thu Oct 20 01:49:07 +0000 2016","HRC ""There's only one candidate on this stage who has shipped jobs to Mexico."" #mfdebates #debate"
788919960491921400,"abi_xx33","Thu Oct 20 01:49:10 +0000 2016","@abi_xx33 idk how people could be someone they not."
788919968872161300,"samadamsthedog","Thu Oct 20 01:49:12 +0000 2016","Why doesn't she point out that Chona and India are growing quickly because look how poor they started."
788919968872136700,"ashassino","Thu Oct 20 01:49:12 +0000 2016","NÃ£o 

@SBS_MTV my vote is #ë”ì‡¼ for #ë°©íƒ„ì†Œë…„ë‹¨ https://t.co/eXAuzZksln"
788919989835223000,"miiniieye","Thu Oct 20 01:49:17 +0000 2016","RT @Joyday_napas: à¸˜à¸™à¸²à¸„à¸²à¸£à¹à¸«à¹ˆà¸‡à¸›à¸£à¸°à¹€à¸—à¸¨à¹„à¸—à¸¢ à¹€à¸›à¸´à¸”à¸ à¸²à¸à¸£à¸§à¸¡à¸˜à¸™à¸šà¸±à¸•à¸£à¸—à¸µà¹ˆà¸£à¸°à¸¥à¸¶à¸ à¸£à¸±à¸Šà¸à¸²à¸¥à¸—à¸µà¹ˆ 9  à¸à¸´à¸¡à¸à¹Œà¸ˆà¸³à¸«à¸™à¹ˆà¸²à¸¢à¹ƒà¸™à¹‚à¸­à¸à¸²à¸ªà¸¡à¸‡à¸„à¸¥à¸£à¸§à¸¡18à¸„à¸£à¸±à¹‰à¸‡ à¸œà¸¹à¹‰à¸ªà¸™à¹ƒà¸ˆà¸ªà¸²à¸¡à¸²à¸£à¸–à¸ªà¸­à¸šà¸–à¸²à¸¡à¹„à¸”à¹‰â€¦ "
788920031795093500,"Rogercmichaud","Thu Oct 20 01:49:27 +0000 2016","RT @LexBgin: On ne connait pas les prochaines questions de @JFLisee, mais on connait dÃ©jÃ  tous LA (seule) rÃ©ponse de @phcouillard : SÃ‰PARATâ€¦"
788920040187977700,"AKromanov","Thu Oct 20 01:49:29 +0000 2016","@FURUKAVA - Desse STF de MERDA nenhum democrata no Brasil espera qualquer carÃ¡ter."
788920140834476000,"study_my_logic","Thu Oct 20 01:49:53 +0000 2016","@pbnjade_ I'll miss you wife"
788920145049780200,"ShreifHmza","Thu Oct 20 01:49:54 +0000 2016","Ø§Ù„Ù„Ù‡Ù… Ù…Ù†Ø²Ù„ Ø§Ù„ÙƒØªØ§Ø¨ Ø³Ø±ÙŠØ¹ Ø§Ù„Ø­Ø³Ø§Ø¨ Ø§Ù‡Ø²Ù… Ø§Ù„Ø£Ø­Ø²Ø§Ø¨ Ø§Ù„Ù„Ù‡Ù… Ø§Ù‡Ø²Ù…Ù‡Ù… ÙˆØ²Ù„Ø²Ù„Ù‡Ù… https://t.co/OwHeA7aJq3"
788920178595680300,"supadupatroopaa","Thu Oct 20 01:50:02 +0000 2016","RT @Calum5SOS: My uber driver called me 'Big Dawg' today. Guess who got 5 stars?"
788920178599800800,"ZulemaJuvera","Thu Oct 20 01:50:02 +0000 2016","Besitos en el pedorro? @angelvasqeez  jajajajajajaja que naco eres"
788920325400559600,"paulocesarfons1","Thu Oct 20 01:50:37 +0000 2016","https://t.co/klSRBgC6bP"
788920329603194900,"Chawseeh_27","Thu Oct 20 01:50:38 +0000 2016","Im not cryi n 

im not

ğŸ˜­ğŸ˜­ğŸ˜­ğŸ˜­ğŸ˜­ https://t.co/0fkATQCl0C"
788920342182031400,"harleenKIMzel","Thu Oct 20 01:50:41 +0000 2016","RT @UsapangHugot: ""It takes years to build trust and only seconds to destroy it."""
788920358938173400,"BearMntBooks","Thu Oct 20 01:50:45 +0000 2016","RT @Evan_McMullin: We should secure our border &amp; start enforcing our laws from now on, but deporting 11 million people is unrealistic. httpâ€¦"
788920426038788100,"awnbah","Thu Oct 20 01:51:01 +0000 2016","RT @thewordale: Fico mais triste por perder bolinhas de piercing no tapete do que pessoas na minha vida"
788920455432405000,"f_nandals","Thu Oct 20 01:51:08 +0000 2016","to trist"
788920463808397300,"_amourem","Thu Oct 20 01:51:10 +0000 2016","yeah, myself.ğŸ™ƒ https://t.co/XaekmvIKBp"
788920476403851300,"claudiarcinas","Thu Oct 20 01:51:13 +0000 2016","RT @_LaAlameda: #Ojo @sabritasco A q si pueden ayudar a mÃ¡s de uno, impriman fotos d #desaparecidos en sus productos @Papas_Sabritas
https:â€¦"
788920501573869600,"showmethegalaxy","Thu Oct 20 01:51:19 +0000 2016","RT @KMoeny: This man's use of English is why we need more Schoolhouse Rock. #debate"
788920501544648700,"sultandbaee1","Thu Oct 20 01:51:19 +0000 2016","Ø§Ù„Ù„Ù‡Ù… Ø§Ø´ØºÙ„Ù†ÙŠ Ø¨Ø°ÙƒØ±Ùƒ Ø¹Ù† ÙƒÙ„ Ø°ÙƒØ± ÙˆØ¨Ø·Ø§Ø¹ØªÙƒ Ø¹Ù† ÙƒÙ„ Ø·Ø§Ø¹Ø© https://t.co/8LhDAQwO34"
788920547702964200,"Delfina_2233","Thu Oct 20 01:51:30 +0000 2016","Tatiana y sus favs okkkk"
788920598042906600,"srlipee","Thu Oct 20 01:51:42 +0000 2016","O menorzin rever suas atitudes que o Crime nÃ£o e o Creme entÃ£o tu nÃ£o se iludi, Tu so tem 13 anos e acha que e vagabundo.. ğŸ‘½"
788920631580627000,"MeaghanDowling","Thu Oct 20 01:51:50 +0000 2016","@ellehcimlee HAHAHA because that's actual live footage of me!"
788920656725315600,"deadlyamber","Thu Oct 20 01:51:56 +0000 2016","RT @kikilala_sanrio: ãƒãƒ§ã‚­ãƒãƒ§ã‚­â€¦ãƒãƒ§ã‚­â™ªã€€ä»Šå¤œã®ã‚­ã‚­ã¯ã€æ‰‹å…ˆãŒå™¨ç”¨ãªã‹ã£ã“ã„ã„ç”·ã®ã‚³â˜†ã€€ä½•ã‚’ä½œã£ã¦ã„ã‚‹ã‹ã¯ã€ãƒãƒ­ã‚¦ã‚£ãƒ¼ãƒ³ã¾ã§ã®ãŠæ¥½ã—ã¿ã‚ˆâ˜† https://t.co/XyCtFq5iLg"
788920719665090600,"CallMeKeeen","Thu Oct 20 01:52:11 +0000 2016","RT @RudeComedian: this nigga got slapped into a 2004 snowstorm haha https://t.co/xkGcRJ4OW3"
788920723846737900,"mariana08m","Thu Oct 20 01:52:12 +0000 2016","RT @KianLawley: don't b afraid to b urself"
788920807724421100,"adams_lynnette","Thu Oct 20 01:52:32 +0000 2016","@katyperry @HillaryClinton @adams_lynnette ğŸ¤ğŸ§â¤µï¸Hello â£ï¸"
788920828700295200,"Daisy_Daisy14","Thu Oct 20 01:52:37 +0000 2016","@mayasworld Love it!!! https://t.co/ZhpZKAIsB5"
788920849675923500,"MadisonMae_45","Thu Oct 20 01:52:42 +0000 2016","RT @beautfilms: The Best of Me https://t.co/ZZbRxUQYu7"
788920874837696500,"tufkaa","Thu Oct 20 01:52:48 +0000 2016","RT @BBCBreaking: .@HillaryClinton describes @realDonaldTrump as ""puppet"" of President Putin in angry clash over Russiaâ€¦ "
788920904214573000,"jaibrookslovely","Thu Oct 20 01:52:55 +0000 2016","---THE 1975---"
788920908396109800,"kirstiee23","Thu Oct 20 01:52:56 +0000 2016","RT @JacobCrosetto: Add ""eating machine"" to a list of shit you'd only hear in a 2016 presidential debate"
788920954541908000,"theAntiBinge","Thu Oct 20 01:53:07 +0000 2016","RT @deray: Trump explaining away a $1million dollar loan as if it is a minor part of his ""success"" was astounding. White privilege is sometâ€¦"
788920975496585200,"Citrine_GB","Thu Oct 20 01:53:12 +0000 2016","RT @line_blog: ã€ã‚¤ãƒ³ã‚¿ãƒ“ãƒ¥ãƒ¼ã€‘ã€Œã‚‚ã†è§£æ•£ã—ã¦ã‚‚ã„ã„ã¨æ€ã†ãã‚‰ã„å¤¢ãŒã‹ãªã£ãŸã€ã‚´ãƒ¼ãƒ«ãƒ‡ãƒ³ãƒœãƒ³ãƒãƒ¼ãŒæœ¬æ°—ã®Xã‚³ã‚¹ãƒ—ãƒ¬ã§ç™»å ´
https://t.co/M1dLZaXbgR #ã‚´ãƒ¼ãƒ«ãƒ‡ãƒ³ãƒœãƒ³ãƒãƒ¼ #visualjapansummit #VJS2016 https://â€¦"
788921025836613600,"gamba_arsenal","Thu Oct 20 01:53:24 +0000 2016","å¢“å‚ã‚Šã—ã¦ãŸã‚‰ã‚¹ã‚ºãƒ¡ãƒãƒã«é­é‡ã—ãŸ"
788921080379572200,"GonzalezLau_","Thu Oct 20 01:53:37 +0000 2016","RT @FrasesRockNacOk: Ya banquÃ© lo que nadie se imagina."
788921092945698800,"DennisBIntl","Thu Oct 20 01:53:40 +0000 2016","Trump just tap dancing around that question"
788921139083042800,"AdamPilmoor","Thu Oct 20 01:53:51 +0000 2016","@CameronRooney1 well you shouldnt knock a wine rack over, but if you do you should at least clean up the spill yknow"
788921206216859600,"LizQuenterrific","Thu Oct 20 01:54:07 +0000 2016","#StarMagicBallFanFave LIZQUEN https://t.co/UWJsB4pu63"
788921264937181200,"gusco2021","Thu Oct 20 01:54:21 +0000 2016","ì˜·ë„ì´ë».."
788921294293233700,"aidi5","Thu Oct 20 01:54:28 +0000 2016","https://t.co/KTzv3ACUNo"
788921332008267800,"aricia_aricia","Thu Oct 20 01:54:37 +0000 2016","RT @PapaDez0: Some people will say it's fake.... but you do what you want when you poppinğŸ˜œğŸ˜ S/o @adriannatossaay for the video crâ€¦ "
788921382369308700,"esalelopezyo","Thu Oct 20 01:54:49 +0000 2016","RT @chancetherapper: Thanks Dad for raising me right. Look at us all fancy for the White House. I ain't even wearing a hat tonightâ€¦ "
788921436903727100,"Orlando_CE","Thu Oct 20 01:55:02 +0000 2016","RT @deltanmd: Delegado aposentado da PF Jorge Pontes diz q corrupÃ§Ã£o criou nova modalidade de crime: o ""crime institucionalizadoâ€ https://tâ€¦"
788921457845739500,"news__daily_","Thu Oct 20 01:55:07 +0000 2016","â™•æ©‹æœ¬å¥ˆã€…æœª https://t.co/22pGD2d6UC https://t.co/fva2vnGsed"
788921474614714400,"LuunaGarcia1","Thu Oct 20 01:55:11 +0000 2016","Es difÃ­cil imitar a gilda ni lo intentarÃ­a"
788921478830055400,"80a23d2b1","Thu Oct 20 01:55:12 +0000 2016","RT @ChartsDelena: Voto vÃ¡lido do dia!

500 RTs = 500 votos, vamos voltar pro primeiro lugar?

@SelenaGomez Artist Of The Year #AMAs https:/â€¦"
788921558530154500,"ppp_palmm","Thu Oct 20 01:55:31 +0000 2016","https://t.co/eWn9Dt20eG"
788921600481431600,"higthsresident","Thu Oct 20 01:55:41 +0000 2016","@AnnCoulter @FoxNews Heroin epidemia !"
788921722108076000,"innasharova","Thu Oct 20 01:56:10 +0000 2016","Ğ¢Ñ€Ğ°Ğ¼Ğ¿ Ğ¸ ĞšĞ»Ğ¸Ğ½Ñ‚Ğ¾Ğ½ Ğ²Ğ½Ğ¾Ğ²ÑŒ Ğ½Ğµ Ğ¿Ğ¾Ğ¶Ğ°Ğ»Ğ¸ Ğ´Ñ€ÑƒĞ³ Ğ´Ñ€ÑƒĞ³Ñƒ Ñ€ÑƒĞºĞ¸ Ğ² Ğ½Ğ°Ñ‡Ğ°Ğ»Ğµ Ğ´ĞµĞ±Ğ°Ñ‚Ğ¾Ğ²"
788921768228499500,"kona__mune11","Thu Oct 20 01:56:21 +0000 2016","å‰é«ªãƒ‘ãƒƒãƒ„ãƒ³è½ã¡ç€ã‹ã‚“ã‚“ã‚“ã‚“ã‚“ã‚“"
788921797592789000,"DesyWirantika4","Thu Oct 20 01:56:28 +0000 2016","Bicara Soal Hubungan Tetap Harmonis, Angel Lelga Dikabarkan Sudah Menikah: Namun ketika dilontarkan pertanyaa... https://t.co/fyRuowPbMn"
788921805973041200,"samanthajgross","Thu Oct 20 01:56:30 +0000 2016","RT @JuliaArciga: ""Why did he say 10 mins of fame? Why not 15?""
""Because they're women.""

#debatenight"
788921826957140000,"nyo_amane","Thu Oct 20 01:56:35 +0000 2016","@nyo_bane ã‚ã€ä»Šã‹ã‚‰æ½®å¹²ç‹©ã‚Šè¡Œãã®â€¦ã€‚ä¸€ç·’ã«è¡Œãï¼Ÿ"
788921856313131000,"MaariGomezz","Thu Oct 20 01:56:42 +0000 2016","Esta situaciÃ³n me da mucha gracia dios jaja es todo tan patÃ©tico..."
788921881499959300,"rafamayor","Thu Oct 20 01:56:48 +0000 2016","RT @AAAD25: Trump dice que serÃ­a genial que Ã©l administrara el paÃ­s como sus empresas. Por favor. Que comparaciÃ³n tan absurda.  #debatenight"
788921977943756800,"D_Glovernator","Thu Oct 20 01:57:11 +0000 2016","RT @HeimishCon: Every time this rape-victim-intimidator talks about ""demeaning women"" it makes me want to break something. #debatenight"
788921986323972100,"Ornellaaaa_","Thu Oct 20 01:57:13 +0000 2016","No ğŸ˜³ https://t.co/GbNv4FyPP6"
788921994737619000,"theta_ke_P","Thu Oct 20 01:57:15 +0000 2016","RT @natanakane: ãƒ©ãƒ–ãƒ©ã‚¤ãƒ–ï¼ï¼ˆÎ¼'sï¼‰ï¼”ã‚³ãƒãã®1283 https://t.co/HFfTsvPghV"
788922003122102300,"itswisepost","Thu Oct 20 01:57:17 +0000 2016","RT @RapSpotlights: Lil Wayne's last message to his fans ğŸ https://t.co/SLEIcJqSlK"
788922007303794700,"BevSalazar","Thu Oct 20 01:57:18 +0000 2016","RT @chuckwoolery: Well under Hillary if you survive being born you can have free college. #debatenight https://t.co/h0FNYK1ckL"
788922036672430100,"kobiwu","Thu Oct 20 01:57:25 +0000 2016","The groper can't stay on topic."
788922066036633600,"loribuckmajor","Thu Oct 20 01:57:32 +0000 2016","Ding Ding Ding! Reminder: time to check who's unfollowed you tonight. #debatenight"
788922082801360900,"boxboxbetty","Thu Oct 20 01:57:36 +0000 2016","You have a very twisted sense of the word ""respect"" @realDonaldTrump. Which dictionary are you using? #debate"
788922082813841400,"lucasisadick","Thu Oct 20 01:57:36 +0000 2016","Trump ""Sure, I'm a piece of shit. But Hillary should have stopped me."""
788922103768592400,"hotglueNglitter","Thu Oct 20 01:57:41 +0000 2016","@realDonaldTrump #DonTheCon #CultOfTrump https://t.co/jv1XCWD5pU"
788922103781138400,"FracDaddy_","Thu Oct 20 01:57:41 +0000 2016","Smh ğŸ˜‘ https://t.co/OcbpA2NLP1"
788922112186716200,"jennrhodes4","Thu Oct 20 01:57:43 +0000 2016","Pretty sure there are many, many more men who have more respect for women than you @realDonaldTrump"
788922120554287100,"cristina_jooyce","Thu Oct 20 01:57:45 +0000 2016","Fome do crlh do nada"
788922120575324200,"elizabethc29","Thu Oct 20 01:57:45 +0000 2016","RT @anamariecox: Press room laughs at â€œNo one has greater respect for women than me,â€ then HARDER at Chris Wallace telling the crowd not toâ€¦"
788922149926953000,"Michael_W_Rose","Thu Oct 20 01:57:52 +0000 2016","GOP Congressman May Not Vote For President At All https://t.co/OinHjkwjMR"
788922170885931000,"eldabroglio","Thu Oct 20 01:57:57 +0000 2016","ok el obelisco lo iluminaron rosa, parece joda. https://t.co/wtwm3tapGW"
788922200237625300,"janrask","Thu Oct 20 01:58:04 +0000 2016","https://t.co/GOfzdhw2hh"
788922229589352400,"liyanpleno","Thu Oct 20 01:58:11 +0000 2016","shit sila haha https://t.co/LOW9wmdalN"
788922263160651800,"TheresaPhilips","Thu Oct 20 01:58:19 +0000 2016","Donald goes to policy over the groping smart presidential move there but Hillary keeps wanting to talk about the groping what is her problem"
788922317707423700,"Farragandhi","Thu Oct 20 01:58:32 +0000 2016","Man, someone throw a shoe at one of them! Fucking Christ!"
788922355456368600,"BZoods","Thu Oct 20 01:58:41 +0000 2016","RT @w_i_l_l_a: I can't have someone who uses the word ""bigly"" having anything to do with decision making re: Roe vs Wade"
788922376423559200,"_yaboiiandrew","Thu Oct 20 01:58:46 +0000 2016","Who has time to think of this tbh https://t.co/vJNLIvEywB"
788922380597006300,"MooniqueMartini","Thu Oct 20 01:58:47 +0000 2016","RT @dominikiloredob: NÃ£o exija dos outros o que vocÃª nÃ£o faz por merecer"
788922426721701900,"catiepurry","Thu Oct 20 01:58:58 +0000 2016","RT @fakemikemulloy: The moderator has to ask the audience to stop laughing at Donald saying ""nobody respects women more than me"" #debatenigâ€¦"
788922468673085400,"bunnybabe09","Thu Oct 20 01:59:08 +0000 2016","Fiction lies."
788922472896733200,"epollaert","Thu Oct 20 01:59:09 +0000 2016","RT @robertcaruso: Trump pivots to emails and is now impugning the FBI and is trying to insert General Cartwright into this, which is totallâ€¦"
788922472888471600,"DudeMeisterrr","Thu Oct 20 01:59:09 +0000 2016","RT @victomato: New Yorker knows what's up. https://t.co/TJ9LL12M3Q"
788922477082775600,"Peintre","Thu Oct 20 01:59:10 +0000 2016","RT @feministabulous: ""I didn't even apologize to my wife""

should really help trump get the married women vote. #debate"
788922485467209700,"Dev_Durant","Thu Oct 20 01:59:12 +0000 2016","@slizzy2times @IamAkademiks meek your boy"
788922498024771600,"koyomireki","Thu Oct 20 01:59:15 +0000 2016","ç¡çœ å°å…¥å‰¤ https://t.co/30T0UD9oWJ"
788922539984781300,"MattFratt","Thu Oct 20 01:59:25 +0000 2016","RT @morninggloria: ""I DIDN'T EVEN APOLOGIZE TO MY WIFE"" has got to be one of the most ill-advised things Trump could have said"
788922544187465700,"B47601923Daniel","Thu Oct 20 01:59:26 +0000 2016","@MatMicMar ğŸ˜‚ğŸ˜‚ğŸ˜‚ğŸ˜‚"
788922560952012800,"Maaailen_Fer","Thu Oct 20 01:59:30 +0000 2016","RT @zinoscrewx: ESTA NOCHE EL ORDEN DE TU HORÃ“ZCOPO FAVORITO ES ASÃ:
1 gem
2 cap
3 esc
4 ar
5 can
6 vir
7 tau
8 le
9 sag
10 ac
11 lib
12 piâ€¦"
788922560968876000,"dazedlmj","Thu Oct 20 01:59:30 +0000 2016","I'm friends with this girl and I always ask how she is or what she's doing but she never asks me back and I get SOOOO ANGRY"
788922560964497400,"tobibeth1","Thu Oct 20 01:59:30 +0000 2016","@GOPBlackChick Boasting that Putin is smarter  than Clinton and Obama does bode well for Trump as Us President!"
788922602886606800,"72komike72","Thu Oct 20 01:59:40 +0000 2016","RT @YanaseBonds: #æ·±å¤œã®çœŸå‰£ãŠçµµæã60åˆ†ä¸€æœ¬å‹è² 
ãƒãƒ­ã‚¦ã‚£ãƒ³å¦–å¤¢ https://t.co/VicCKxKhDl"
788922628048289800,"angelize__","Thu Oct 20 01:59:46 +0000 2016","HOW IS HE REALLY GONNA DENY THE FACT HE MADE FUN OF A DISABLED REPORTER???? THERES VIDEO MY BOY"
788922632246657000,"CameelahC","Thu Oct 20 01:59:47 +0000 2016","RT @lostfuly: if it makes you happy do it"
788922665822261200,"Lord_Berghahn","Thu Oct 20 01:59:55 +0000 2016","Let me just run into this wall... ğŸƒ https://t.co/DmEw1TSZYU"
788922682611863600,"nnonn0nno","Thu Oct 20 01:59:59 +0000 2016","@nnonn0nno 4ã€åŒ–ç²§å“ã€‚æ˜”ã€ç¾å®¹éƒ¨å“¡ã ã£ãŸã›ã„ã‚‚ã‚ã‚Šä»Šã§ã‚‚ã¤ã„ã¤ã„è«¸ã€…åŒ–ç²§å“ã¯ãƒã‚§ãƒƒã‚¯ã™ã‚‹ã—ã€è²·ã†ã—â€¦â€¦ã€‚ãƒ—ãƒãƒ—ãƒ©ã‚„å¤–è³‡ä½•ã§ã‚‚è²·ã†ã€‚è‰¯ã„ã‚‚ã®ã¯å€¤æ®µã˜ã‚ƒãªã„ã‚ˆãƒ¼ã€ãŸã åŸºç¤åŒ–ç²§å“ã ã‘ã¯æœ¬å½“ã«é•ã†ã‹ã‚‰ã€‚æ—©ã„æ®µéšã‹ã‚‰è‰¯ã„ç‰©ã‚’ä½¿ã£ãŸã»ã†ãŒã„ã„ã€‚æ­³ã‚’é‡ã­ã‚‹ã¨ã‚ã‹ã‚‹ã‚ˆã€‚"
788922703558299600,"GlamourFarms","Thu Oct 20 02:00:04 +0000 2016","He performs wonders that cannot be fathomed, miracles that cannot be counted. - Job 5:9 #scripture #bible... https://t.co/2KiV8m4H4Y"
788922741323726800,"Kayl0vxx","Thu Oct 20 02:00:13 +0000 2016","Donald trump is full of shit &amp; he's ugly he looks like an old ass biscuit"
788922774874038300,"spr_fuwafuwa","Thu Oct 20 02:00:21 +0000 2016","@ayakun0423 ãŠã¯ã‚ˆã†ã”ã–ã„ã¾ã™ï¼"
788922774886678500,"rantwasteland","Thu Oct 20 02:00:21 +0000 2016","free girl porn clips https://t.co/cIquQPjlxn"
788922791655575600,"OswaldO_Ror","Thu Oct 20 02:00:25 +0000 2016","#TodoCambia #Denuncia #BOT #Spam #CDMX  User:dinafedorova87 Tweet:https://t.co/SpcQuOHQVi"
788922804246806500,"SaundraCochra13","Thu Oct 20 02:00:28 +0000 2016","Ø´Ø±Ù…ÙˆØ·Ø© ÙƒØ¨ÙŠØ±Ø© Ø¹Ø§Ø±ÙŠØ© ØªØªÙ†Ø§Ùƒ ÙÙŠ Ø·ÙŠØ²Ù‡Ø§ Ø¹Ù„ÙŠ Ø§Ù„ÙˆØ§Ù‚Ù..https://t.co/IuhA6u7ktL  https://t.co/pmp9QM1C8p NxN
Ø·ÙŠØ²
Ù…Ù…Ø­ÙˆÙ†Ù‡
Ø³ÙƒØ³
2533"
788922858751815700,"mamdoh121","Thu Oct 20 02:00:41 +0000 2016","Ø³Ø¨Ø­Ø§Ù† Ø§Ù„Ù„Ù‡ ÙˆØ§Ù„Ø­Ù…Ø¯ Ù„Ù„Ù‡ ÙˆØ§Ù„Ù„Ù‡ Ø£ÙƒØ¨Ø± Ù„Ø§ Ø¥Ù„Ù‡ Ø¥Ù„Ø§ Ø§Ù„Ù„Ù‡ ÙˆØ­Ø¯Ù‡ Ù„Ø§ Ø´Ø±ÙŠÙƒ Ù„Ù‡ Ù„Ù‡ Ø§Ù„Ù…Ù„Ùƒ ÙˆÙ„Ù‡ Ø§Ù„Ø­Ù…Ø¯ ÙˆÙ‡Ùˆ Ø¹Ù„Ù‰ ÙƒÙ„ Ø´ÙŠØ¡ Ù‚Ø¯ÙŠØ± https://t.co/9i36XyIFXy"
788922883909320700,"egiordani_25","Thu Oct 20 02:00:47 +0000 2016","RT @FillWerrell: This is my favorite video on the internet ğŸ˜‚ğŸ˜‚  https://t.co/3Fpvn0YnVH"
788922892327071700,"angelaj987","Thu Oct 20 02:00:49 +0000 2016","Hillary we don't give a flying $hit about what he said about women. Our country is at stake. Men women children are at stake. Shut up."
788922900677918700,"kdyowz3251","Thu Oct 20 02:00:51 +0000 2016","RT @9ne14qv77: #ì•ˆì „ì‚¬ì„¤í† í† ì‚¬ì´íŠ¸ì¶”ì²œ
#í•´ì™¸ì•ˆì „ë†€ì´í„°ì¶”ì²œ

âœ… ì•ˆì „í•œ ë©”ì´ì € ì‹¸ ì´ íŠ¸
ğŸ’‹
â¤â¡ì ‘-ì†â¡â¡https://t.co/humzFpUjQC
ğŸ’‹

â¤N-O-ë¨¹-íŠ€ !

â™“ì‹ ê·œë¨¸ë‹ˆ EVENT !

p9y
v14l9g https://tâ€¦"
788922955229114400,"maevedomond","Thu Oct 20 02:01:04 +0000 2016","I am so weird, it's awkward and sad to watch..."
788922976200712200,"luciacapano","Thu Oct 20 02:01:09 +0000 2016","RT @JazminnEsteban: RespÃ©tame, cagon! #NiUnaMenos https://t.co/n7aAW42Ih0"
788923051706617900,"samantapersotti","Thu Oct 20 02:01:27 +0000 2016","RT @samantapersotti: ATENÃ‡AO  LULADRAO EXECUTA PLANO DE FUGA  @OANTAGONISTA"
788923085231644700,"ChefLyn_","Thu Oct 20 02:01:35 +0000 2016","Who the hell are they https://t.co/AWHsgWAeQZ"
788923131394154500,"gothicxiee","Thu Oct 20 02:01:46 +0000 2016","@TMZinArabic ÙˆØ³Ø§Ù„ÙØ© Ø§Ù„Ù…Ù‡Ø¨Ù„ Ø§Ø­ØªØ±Ø§Ù… ÙŠØ¹Ù†ÙŠØŸ Ø§Ù„Ù…ØªØ®Ù„Ù"
788923152374071300,"johncappiello","Thu Oct 20 02:01:51 +0000 2016","Donald Trump doesnâ€™t think belittling women makes him bigger. Thatâ€™s unfair. To be clear, he thinks it makes him bigly."
788923152361328600,"TammyMychelle","Thu Oct 20 02:01:51 +0000 2016","RT @JohnFugelsang: ""I'm not a sexist.  And anybody who says I am is probably on the rag.""  #Debatenight #SXM121"
788923181713072100,"karismacos","Thu Oct 20 02:01:58 +0000 2016","RT @velsmells: Hilary: *opens her mouth*
Trump: Wrong."
788923190097637400,"P1UGKYE","Thu Oct 20 02:02:00 +0000 2016","@blessxUp same ğŸ˜‚ğŸ˜‚"
