785283567781765100,"rdr70024","Mon Oct 10 00:59:27 +0000 2016","RT @MelissaJaneSays: You are deranged. https://t.co/lZYgHjjyZd"
785283691983409200,"xc_turtle","Mon Oct 10 00:59:56 +0000 2016","RT @eeb2016: #Trump #Abortion #Imwithher https://t.co/XnR8mp0J6c"
785283728079716400,"bhayes2016","Mon Oct 10 01:00:05 +0000 2016","RT @Miami4Trump: Call Me Crazy, But I'd Really Like To Elect A President Who Hasn't Been Investigated By The FBI MULTIPLE TIMES..‚Ä¶ "
785283803942051800,"ScotchJLK","Mon Oct 10 01:00:23 +0000 2016","RT @Bikers4Trump: It's #debate time in St. Louis! 
#RETWEET to support @realDonaldTrump 
#LockHerUp
#StopHillary
Join us &amp; Donate @‚Ä¶ "
785283811219116000,"StatikStudios","Mon Oct 10 01:00:25 +0000 2016","Trump... The most UN-American presidential candidate in the history of America. #GrabthembythePussy right, Donny? #MakeAmericaGreatAgain eh?"
785283814234947600,"JonathanCookNC","Mon Oct 10 01:00:25 +0000 2016","RT @jaketapper: Like the Breitbart cat that ate the GOP canary https://t.co/TtwsdgzA1T"
785283866722435100,"dazednolonger","Mon Oct 10 01:00:38 +0000 2016","Melania &amp; Ivanka are beautiful and classy.
#Trump"
785283956815958000,"FDRAcolyte","Mon Oct 10 01:00:59 +0000 2016","RT @LeeCamp: #debatedrinking - Drink every time #Trump or #Clinton says... Neh, nevermind, just drink. Just start drinking. #debate"
785284039582376000,"bladesout2011","Mon Oct 10 01:01:19 +0000 2016","RT @EricTrump: En route to the second #PresidentialDebate! Let's #MakeAmericaGreatAgain #Trump2016 #TrumpTrain üöÇüí®üí®üá∫üá∏üá∫üá∏üá∫üá∏ https://t.co/D5Qc9‚Ä¶"
785284108083572700,"ginah89121","Mon Oct 10 01:01:35 +0000 2016","RT @Bikers4Trump: It's #debate time in St. Louis! 
#RETWEET to support @realDonaldTrump 
#LockHerUp
#StopHillary
Join us &amp; Donate @‚Ä¶ "
785284158427979800,"ForQ2","Mon Oct 10 01:01:47 +0000 2016","RT @pattonoswalt: Barry Fucking Crimmins for the win, as always and forever. https://t.co/P0rDm08Djl"
785284639476715500,"SODMG_NJF","Mon Oct 10 01:03:42 +0000 2016","RT @realDonaldTrump: My team of deplorables will be taking over my Twitter account for tonight's #debate
#MakeAmericaGreatAgain"
785284696670429200,"TrumpEffect2016","Mon Oct 10 01:03:56 +0000 2016","RT @realDonaldTrump: My team of deplorables will be taking over my Twitter account for tonight's #debate
#MakeAmericaGreatAgain"
785284750797774800,"eknola1372","Mon Oct 10 01:04:09 +0000 2016","RT @crimmins: As a rape survivor, the LAST THING I'd ever do would be to appear w an admitted predator w an agenda, to provide cover for hi‚Ä¶"
785284795320467500,"UnbeknownstToMe","Mon Oct 10 01:04:19 +0000 2016","RT @Genie115: @BarbMuenchen  This is our chance to #MakeAmericaGreatAgain with the only chance we have @realDonaldTrump https://t.co/U9ovBh‚Ä¶"
785284927604547600,"FonzCrazy8","Mon Oct 10 01:04:51 +0000 2016","RT @EricTrump: En route to the second #PresidentialDebate! Let's #MakeAmericaGreatAgain #Trump2016 #TrumpTrain üöÇüí®üí®üá∫üá∏üá∫üá∏üá∫üá∏ https://t.co/D5Qc9‚Ä¶"
785284944461373400,"DevonHeinen","Mon Oct 10 01:04:55 +0000 2016","Here we go, folks...

#Debates #DebateNight
#Trump #Clinton https://t.co/ovNXWDb9Ld"
785284961326755800,"Fuzzy_csgo","Mon Oct 10 01:04:59 +0000 2016","RT @realDonaldTrump: My team of deplorables will be taking over my Twitter account for tonight's #debate
#MakeAmericaGreatAgain"
785285239136477200,"howardmoore611","Mon Oct 10 01:06:05 +0000 2016","Let the train wreck begin
#Trump #Clinton #ClintonVsTrump"
785285316831801300,"CTFleaMarkets","Mon Oct 10 01:06:24 +0000 2016","Whoo Whoooo go #Trump
#Hildabeast you look like a sack of shit in that suit  #debate #MAGA"
785285330731733000,"RockCliffOne","Mon Oct 10 01:06:27 +0000 2016","RT @RockCliffOne: #CNNDebate: #Trump: Do you think bankruptcy and tax avoidance are indicators of business acumen? How does fondness for th‚Ä¶"
785285423434113000,"EnvyMeGreatly","Mon Oct 10 01:06:49 +0000 2016","RT @DrDavidDuke: BFFs (((Andy Cohen))) and Anderson Cooper - #CNNRealityCheck #debate2016 #MakeAmericaGreatAgain #DebateNight‚Ä¶ "
785285486025801700,"dixiefortrump","Mon Oct 10 01:07:04 +0000 2016","RT @joandan15584329: #debate 

Hoax Media will cover this up..!!
#LockHerUP https://t.co/Gs0ldXhFUr"
785285653487620100,"acbooth8","Mon Oct 10 01:07:44 +0000 2016","To be fair, thus far, HRC has NOT commented on the newest #Trump scandal and if she sticks that way, she is speaking truth right now #debate"
785285672017858600,"sergiocodes","Mon Oct 10 01:07:48 +0000 2016","#Trump just posted on reddit that he's going to lay down the smackdown tonight. Let it all hang loose. #BigLeagueTruth"
785285691798265900,"MsNLasVegas","Mon Oct 10 01:07:53 +0000 2016","Is this really the first question? I thought we were talking about issues #thisisajoke #PodestaEmails #trump #maga #msmsucks #debate"
785285700446892000,"bjw2112","Mon Oct 10 01:07:55 +0000 2016","RT @adalineintexas: #BigLeagueTruth #Debate¬† #TrumpPence16 #MakeAmericaSafeAgain  #MakeAmericaGreatAgain #MAGA #cbs #nbc #abc #foxnews‚Ä¶ "
785286058435051500,"RoyaTheWriter","Mon Oct 10 01:09:20 +0000 2016","#trump says this is a great country and in the same sentence he also says he's going to make it great. Which is it? #PresidentialDebate"
785286093633687600,"drjoedennis","Mon Oct 10 01:09:29 +0000 2016","Wow. First question of #debate and #Trump says ""I agree with her"" ... then goes on to blame #Obama (who has record high approvals, btw)."
785286123039752200,"chuckyhart","Mon Oct 10 01:09:36 +0000 2016","RT @realDonaldTrump: My team of deplorables will be taking over my Twitter account for tonight's #debate
#MakeAmericaGreatAgain"
785286131965235200,"greggchampion","Mon Oct 10 01:09:38 +0000 2016","For a rich guy... #Trump's suits never fit... and I think they are from the 1990's. #TrumpTheFrump #debates"
785286176886456300,"motofazi","Mon Oct 10 01:09:49 +0000 2016","RT @angela_rye: Oh look! The sniffles are back!! #Trump #debate2016"
785286228384055300,"CathyHiya","Mon Oct 10 01:10:01 +0000 2016","#debate #Trump First question in and there comes the SNIFF üò≥"
785286230414094300,"MichaelaAngelaD","Mon Oct 10 01:10:01 +0000 2016","he can't EVEN touch this question about ...modeling appropriate behavior #Trump #debate"
785286336198512600,"Chuy1120","Mon Oct 10 01:10:27 +0000 2016","#trump weak #debate"
785286352904589300,"ScottSilverssj","Mon Oct 10 01:10:31 +0000 2016","@ariannahuff #Trump rambling on the first question.  Avoided the question completely.  He looks totally rattled."
785286389550096400,"DrBarringtonDog","Mon Oct 10 01:10:39 +0000 2016","#presidentialdebate #sniffing #answerthequestion #trump"
785286421363863600,"AmyVGaskins","Mon Oct 10 01:10:47 +0000 2016","#Trump looks like he was shot with a carfentanil dart before the #debate. Who's low energy now?"
785286576544813000,"GillianBauer3","Mon Oct 10 01:11:24 +0000 2016","@cnn I guess they gave him the same broken sniffly microphone #Trump"
785286599617552400,"AsteroidEarth","Mon Oct 10 01:11:29 +0000 2016","*sniff* *sniff* *sniff* #Trump #Cocaine #Debate"
785286647168380900,"trepups","Mon Oct 10 01:11:41 +0000 2016","#Trump #Sniffles"
785286657536827400,"RichBolen","Mon Oct 10 01:11:43 +0000 2016","9:10 and #Anderson #Cooper hits the crude tape #debate2016 #trump #Debates"
785286745860354000,"marygauthier_","Mon Oct 10 01:12:04 +0000 2016","RT @crimmins: As a rape survivor, the LAST THING I'd ever do would be to appear w an admitted predator w an agenda, to provide cover for hi‚Ä¶"
785286771550490600,"LeadingThots","Mon Oct 10 01:12:10 +0000 2016","#trump using #fear again #deflecting from grabbing pussy to killing Isis"
785286779142299600,"beautiful83_","Mon Oct 10 01:12:12 +0000 2016","I have great respect for women...BS #trump #debate"
785286782682366000,"marym652","Mon Oct 10 01:12:13 +0000 2016","@realDonaldTrump @DumpTrump 

Yes, chopping off heads is worse than your vulgarities. 

#trump"
785286914047959000,"ElfredaTetteh","Mon Oct 10 01:12:44 +0000 2016","Can we have a counter to ding everytime #Trump says ISIS
#PresidentialDebate"
785286945790320600,"_djcook","Mon Oct 10 01:12:52 +0000 2016","#Trump with two, count'em TWO nose sniffs in 1 comment.  (and 1 giant lie) #Debate"
785286952547483600,"sierrradavis","Mon Oct 10 01:12:54 +0000 2016","RT @snarkymcblonde: Bad stuff is happening to other people so sexual assault is no big deal #trump #debate"
785286954468290600,"MaryJoLA","Mon Oct 10 01:12:54 +0000 2016","The fact that I can grab pussy like a ninja proves I can defeat Isis. #Trump #debate"
785287006700068900,"dare2buyonline","Mon Oct 10 01:13:06 +0000 2016","Borred watching the Presidential Debate again?‚û°Visit our website instead!üòõ
‚û° https://t.co/4NCbLB4M5S
#debate‚Ä¶ https://t.co/HziffQ5akS"
785287057426055200,"The_iKat","Mon Oct 10 01:13:19 +0000 2016","RT @mychalmassie: My mind hasnt changed Im more determined to do my best to ensure @realDonaldTrump is our next president #MAGA @day_gardne‚Ä¶"
785287068804976600,"BarbaraClayton","Mon Oct 10 01:13:21 +0000 2016","#Trump - grabbing women's genitals is assault.  Bragging like you did creates a rape culture.  You do NOT respect women"
785287167010480100,"adalineintexas","Mon Oct 10 01:13:45 +0000 2016","#BigLeagueTruth #Debate #TrumpPence16  #MakeAmericaSafeAgain  #MakeAmericaGreatAgain #MAGA #cbs #nbc #abc #foxnews‚Ä¶ https://t.co/ohH9iWkacW"
785287167559860200,"TiffanyThaxton","Mon Oct 10 01:13:45 +0000 2016","Here goes her not fit bull...so leaving 4 men to die makes u fit #Killary? #Debate"
785287185079607300,"IvanEspinozaESQ","Mon Oct 10 01:13:49 +0000 2016","Make America safe by keeping #Trump away from women! #Debates¬†#DebateNight¬† #Debates2016 #Debate"
785287188749639700,"TheDilge","Mon Oct 10 01:13:50 +0000 2016","RT @HalHardwick: Now you finally see that your entire precious elections for many decades back were merely a WWE production until #Trump ca‚Ä¶"
785287236677951500,"michaelhconnor","Mon Oct 10 01:14:01 +0000 2016","@Rump2016 #trump got that #cokedrip going big time. This is a #hugely bad start for the #TRUMPSTER  I'm sure him and #AndersonCoopper r buds"
785287283549233200,"FmlyAdv","Mon Oct 10 01:14:12 +0000 2016","#Trump's sinus issus is annoying. #debate #MomTweets"
785287288666230800,"GreenMetBlue_LS","Mon Oct 10 01:14:14 +0000 2016","RT @RichardEngel: In a head snap, #trump turns question on groping woman to how he‚Äôs going to fight Isis. #debate"
785287292311273500,"Mr_Sean_Connor","Mon Oct 10 01:14:15 +0000 2016","RT @realDonaldTrump: My team of deplorables will be taking over my Twitter account for tonight's #debate
#MakeAmericaGreatAgain"
785287308924768300,"DavidPutnam1985","Mon Oct 10 01:14:19 +0000 2016","#Trump you see what happens when you have a Mic that works #Debate"
785287320392048600,"Adriano_Gir","Mon Oct 10 01:14:21 +0000 2016","RT @GiuseppePalma78: In difesa di #TRUMP. Quando il ""politicamente corretto"" ammazza la democrazia.
Mio articolo 
https://t.co/YXWVPH0SU6 h‚Ä¶"
785287344933011500,"HardinHalsey","Mon Oct 10 01:14:27 +0000 2016","RT @joebereta: ISIS made me grab da pussy.

- #Trump"
785287375635095600,"erniesgirl1944","Mon Oct 10 01:14:34 +0000 2016","RT @LetsGoHillary: #Trump's Strategy Of Relitigating The #1990's Is A #Loser
Al Gore Won The Popular Vote In The Next #Election
#Debates #I‚Ä¶"
785287379250769900,"TheTrueCarrie","Mon Oct 10 01:14:35 +0000 2016","RT @BBCRajiniV: #Trump on #Trumptape - ""Yes I'm very embarrassed by it... I will knock the hell out of ISIS"" #debate"
785287454269935600,"Djsequencer","Mon Oct 10 01:14:53 +0000 2016","#trump Es o se hace? Como que no entiende las preguntas del  #debate https://t.co/wUmd42nVVq"
785287459814928400,"rob0349","Mon Oct 10 01:14:55 +0000 2016","#Trump says he never did any of the things he 'locker-room' talked about. #debate"
785287471441510400,"ElizebethTX2","Mon Oct 10 01:14:57 +0000 2016","https://t.co/0l4rpnAscM"
785287479599521800,"Trabo11","Mon Oct 10 01:14:59 +0000 2016","RT @RhapsoDani: So about that whole grab 'em by the p*ssy... #Trump: I never said that. That was locker room talk. ISIS is happening. #Deba‚Ä¶"
785287519009140700,"SouthFlLife","Mon Oct 10 01:15:09 +0000 2016","RT @SOFLO_Today: Who do you believe will win tonight's Presidential #Debate¬†?
#DebateNight¬†#Trump #Hillary #Poll #SouthFlorida #Miami"
785287548616650800,"laurielcalhoun","Mon Oct 10 01:15:16 +0000 2016","#debate #HRC says that #Trump is not fit to be president. Now repeating same points from first debate. Also immigrants, et al. We are not DT"
785287642292162600,"Ray2356","Mon Oct 10 01:15:38 +0000 2016","RT @JackiSchechner: #Trump is imploding before our eyes. #debate"
785287677922906100,"EricVanNo","Mon Oct 10 01:15:47 +0000 2016","#HilaryClinton on her high horse about #Trump when she defended her #Rapist Husband degrading his accusers."
785287758491230200,"ProdSvcs","Mon Oct 10 01:16:06 +0000 2016","RT @_Proud_American: ‚ÄºÔ∏è #WakeUpAmerica ‚ÄºÔ∏è #NeverForget #NeverHillary #VoteTrump2016 #FollowTheMoney #MakeAmericaGreatAgain https://t.co/FjE‚Ä¶"
785287776245837800,"antmanlovesyou","Mon Oct 10 01:16:10 +0000 2016","#PresidentialDebate Anybody else get the feeling #Trump is gonna try to prove his respect for women by punching Hilary? #ClintonVsTrump"
785287791961702400,"LuigiGarcia100","Mon Oct 10 01:16:14 +0000 2016","RT @Excelsior: .@HillaryClinton: Lo que vimos fue lo que #Trump piensa sobre las mujeres y lo que hace con ellas https://t.co/1OvMWqXBAr"
785287806696484900,"CtrlAltRockYSU","Mon Oct 10 01:16:17 +0000 2016","#debate #debates ""it's just words"" #Trump you're a disaster."
785287810643296300,"freespokenvoice","Mon Oct 10 01:16:18 +0000 2016","#hillary it is time for you to stop lying....#Trump will be the greatest president for America #Jobs #Security"
785287837386149900,"JohnTouitte","Mon Oct 10 01:16:25 +0000 2016","#Trump ""Ce ne sont que des mots"" et pars sur l'ins√©curit√©, l'emploi, mais √©vite soigneusement de parler des faits en soi. #Debate"
785287898404970500,"sassncurlz","Mon Oct 10 01:16:39 +0000 2016","RT @MichaelaAngelaD: ""This is who #Trump is ...but this not who WE are"" @HillaryClinton #debate"
785287914825613300,"tayfan2","Mon Oct 10 01:16:43 +0000 2016","HAHAHAHA Can you see Hillary's frustration? #Trump is not falling for the bait. #debate #debates #debates2016"
785287921221963800,"TheodoreArt","Mon Oct 10 01:16:45 +0000 2016","So the tone of the debate is ADD non sequiturs? https://t.co/qK7r7ZlYZ5"
785287937768448000,"rochshelly","Mon Oct 10 01:16:48 +0000 2016","RT @livenewscloud: #Trump is justifying what he said in the #TrumpTape because he is not as bad as #ISIS

WATCH LIVE: https://t.co/ZWqnCp3c‚Ä¶"
785288008320753700,"quest23blue","Mon Oct 10 01:17:05 +0000 2016","#debate #TRUMP will keep it clean and attack the issues not fall their rhetoric."
785288050565873700,"VioleMejia","Mon Oct 10 01:17:15 +0000 2016","Le dieron a #Trump otra vez un micr√≥fono con mocos."
785288082178224100,"lalecouter","Mon Oct 10 01:17:23 +0000 2016","#Trump's doing that deep breathing thing again. Meditation, perhaps? Or mad as a bull??? #debates"
785288097659519000,"peaceplay","Mon Oct 10 01:17:27 +0000 2016","RT @mmpadellan: Can someone please get #Trump an antihistamine? That sniffling is all we are hearing. He's rambling. #debate"
785288112553484300,"CiaraSpeller","Mon Oct 10 01:17:30 +0000 2016",""" It's just words folks,"" says #Trump in response to #Clinton #debatenight"
785288124209430500,"acebailey6","Mon Oct 10 01:17:33 +0000 2016","""Locker room talk"" has become the new ""boys will be boys"" sentiment &amp; that's not acceptable. #debate #Decision2016 #election #Clinton #Trump"
785288192102690800,"ldboyle","Mon Oct 10 01:17:49 +0000 2016","Oh yes! https://t.co/BT8qAm4CeL"
785288216379174900,"vmattyDC","Mon Oct 10 01:17:55 +0000 2016","#Trump is dodging the ? about his üê± grabbing comments. He wants us to believe they are just words.  #rapistrationale"
785288276831768600,"mskathykhang","Mon Oct 10 01:18:09 +0000 2016","What does Bill Clinton have to do with #trump's locker room talk? #debate"
785288279759417300,"Studio351wHBW","Mon Oct 10 01:18:10 +0000 2016","#Trump has imaginary friends. Clearly. Cause his relationship in his head w/African Americans and Hispanics is amazing #debate2016 #debate"
785288291624951800,"TavoPulidoTAZ","Mon Oct 10 01:18:13 +0000 2016","Son conversaciones de hombres de gimnasio dice #Trump ante controversiales declaraciones @TelemundoAZ"
785288306422587400,"ahammerman513","Mon Oct 10 01:18:16 +0000 2016","RT @Perry_OB: We CANNOT let #Trump normalize sexual violence as ""locker room talk."" 
#debate"
785288324416098300,"martinez_jack","Mon Oct 10 01:18:21 +0000 2016","Its just words when #trump says it but its action when he didnt? #debate"
785288331101892600,"pat_lee","Mon Oct 10 01:18:22 +0000 2016","By #Trump‚Äôs own standard, do you think he‚Äôs changed? #Debates https://t.co/o3GvkBdfuv"
785288360910790700,"cshepard_ENT","Mon Oct 10 01:18:29 +0000 2016","Someone please ... #sniff ... get #Trump a new ... #sniff ... mic. Oh, it's not the mic this time?"
785288368670306300,"ALittleCrayCray","Mon Oct 10 01:18:31 +0000 2016","RT @E__R__O: #trump before the #Debates2016 https://t.co/bHh2GjyDXc"
785288376203157500,"ivanOnRadio","Mon Oct 10 01:18:33 +0000 2016","#Debate 'Lo m√≠o fueron palabras, lo de √©l fueron hechos..' #Trump"
785288380003254300,"KarlDawsonNY","Mon Oct 10 01:18:34 +0000 2016","Feels almost scripted that HRC gets to take down the ultimate male chauvinist on her way to the ultimate goal.  #debate #hrc #trump"
785288406150414300,"BohHerbert","Mon Oct 10 01:18:40 +0000 2016","#Trump goes after Bill #Clinton on sexual past and after Hillary #Clinton's job as a lawyer."
785288410953093100,"MarkSteynOnline","Mon Oct 10 01:18:41 +0000 2016","""the alternative to a #Trump victory is the restoration to the WH of a credibly accused rapist...""https://t.co/kWgDy9IEMi #debate @atensnut"
785288423984603100,"obuchiteck","Mon Oct 10 01:18:44 +0000 2016","Don't converse or #debate with #trump supporters, they prove over and over they only care about #party not common sense"
785288461708365800,"shepley_cheryls","Mon Oct 10 01:18:53 +0000 2016","RT @Jarboni72: Political Correctness is Killing America #BigLeagueTruth https://t.co/whUIp297Ll"
785288462601715700,"Sowell_Man","Mon Oct 10 01:18:54 +0000 2016","RT @MarkSteynOnline: ""the alternative to a #Trump victory is the restoration to the WH of a credibly accused rapist...""https://t.co/kWgDy9I‚Ä¶"
785288474689736700,"JJonesMunoz","Mon Oct 10 01:18:56 +0000 2016","RT @tcmassie: In between sniffles, #Trump goes for the bait. #Debate"
785288506348179500,"GJ_Jove","Mon Oct 10 01:19:04 +0000 2016","RT @MrEdTrain: Martha (stomach face) Raddatz will be so bias,MSM &amp; PRESS can already call Hillary the winner üò¨ #LockHerUp‚Ä¶ "
785288546320023600,"LeeCamp","Mon Oct 10 01:19:14 +0000 2016","#Trump has CURRENT lawsuit against him for raping a 13 yr-old! Look it up.  #debate"
785288551235805200,"Mexhe","Mon Oct 10 01:19:15 +0000 2016","RT @bartije: #Trump desgastado, nada que ver con la energ√≠a de hace unos meses.
#TertuliaHillaryvsTrump"
785288580621017100,"Maumol","Mon Oct 10 01:19:22 +0000 2016","#Debate, #Trump attacca #BillClinton: ""Lui abus√≤ delle donne, stupr√≤ una ragazza che √® qui con noi stasera. #Hillary si vergogni"""
785288592239190000,"MrTechnology_","Mon Oct 10 01:19:25 +0000 2016","RT @E__R__O: #trump before the #Debates2016 https://t.co/bHh2GjyDXc"
785288599243591700,"Ratatuey2","Mon Oct 10 01:19:26 +0000 2016","She can't just cut Donny off like that she let Hillary talk out her ass forever but cuts him off??? #crookedhillary #MakeAmericaGreatAgain"
785288600707600400,"Federalist46","Mon Oct 10 01:19:27 +0000 2016","Another important endorsement for #Trump: https://t.co/T220c4RJN3"
785288625726558200,"DrewPeeBawls","Mon Oct 10 01:19:32 +0000 2016","#Trump spiraling, spiraling, spiraling down the worm hole. #Scumbag #PresidentialDebate"
785288627165298700,"MarcoMNYC","Mon Oct 10 01:19:33 +0000 2016","#Trump just slammed HRC. He's dead right."
785288651357851600,"wesjackmom","Mon Oct 10 01:19:39 +0000 2016","RT @BET: Our face when #Trump says he's going to ""help the African Americans""... #debates https://t.co/cOwanyWt0P"
785288695788077000,"TexasLabrador","Mon Oct 10 01:19:49 +0000 2016","RT @RealScottErnst: Millennial woman are running away from #Dems #CrookedHillary after learning that she bullied rape victims.  #debates #M‚Ä¶"
785288744442007600,"AmineAyara","Mon Oct 10 01:20:01 +0000 2016","#Trump keeps saying that he Apple-gise"" but he doesn't mean it a bit! What a fool #Debate"
785288838759325700,"pzmakris","Mon Oct 10 01:20:23 +0000 2016","I find myself watching this debate like a horror movie through my fingers. #Debate #Debates2016 #Trump #Clinton"
785288849593204700,"jhooks5000","Mon Oct 10 01:20:26 +0000 2016","#Trump is boxing like Mayweather; defense, defense, defense, jab. #debate"
785288912604434400,"nicoleryba","Mon Oct 10 01:20:41 +0000 2016","@TH4TREBELGING3R üòÇüòÇ https://t.co/DVzNVyEXOA"
785288914609115100,"whatsername2015","Mon Oct 10 01:20:41 +0000 2016","RT @RichardEngel: In a head snap, #trump turns question on groping woman to how he‚Äôs going to fight Isis. #debate"
785288964169207800,"altbritannia","Mon Oct 10 01:20:53 +0000 2016","Bill Clinton reacts from ringside 

#Trump #PresidentialDebate #debate #TrumpPence16 #Hillary https://t.co/RiBSVXcZd7"
785288987623686100,"jackiebateman","Mon Oct 10 01:20:59 +0000 2016","RT @girlmeetsgeek: Please, please do not forget that #Trump is on-trial for a rape, as we speak. #debates https://t.co/vaaxNL7DGr"
785289078241566700,"WDFx2EU7","Mon Oct 10 01:21:20 +0000 2016","#debate why did @cnn tell audience to hold the applause for #Trump but not for @HillaryClinton"
785289180188282900,"Renegade98","Mon Oct 10 01:21:45 +0000 2016","#Trump's a name dropper https://t.co/DMGtXLcLw0"
785289185183748100,"alanreportero","Mon Oct 10 01:21:46 +0000 2016","""Lo m√≠o s√≥lo fueron palabras, lo de Bill Clinton fueron hechos"", dice #Trump #Debate"
785289280281116700,"trumpspackage","Mon Oct 10 01:22:09 +0000 2016","@JoshSaunders86 Full House, #trump?  5 ACES!!!"
785289300862570500,"DeLaGhetto009","Mon Oct 10 01:22:13 +0000 2016","RT @BBCRajiniV: #Trump on #Trumptape - ""Yes I'm very embarrassed by it... I will knock the hell out of ISIS"" #debate"
785289346131918800,"TweetMandrake","Mon Oct 10 01:22:24 +0000 2016","#Trump is #unfit. He will continue to #abuse his #power. #Putin will #play him like a violin. He will drive #US to #bankruptcy, good at that"
785289366583201800,"NiNicora","Mon Oct 10 01:22:29 +0000 2016","""Michelle said bad things about you in 2008"" Okay buddy. #debate2016 #Trump"
785289372664868900,"beaugezmel","Mon Oct 10 01:22:31 +0000 2016","RT @TeamTrump: Join us as we welcome our next President of the United States to the #Debate stage! #MakeAmericaGreatAgain https://t.co/JNfZ‚Ä¶"
785289405657407500,"SamAdamsKY","Mon Oct 10 01:22:38 +0000 2016","#Trump has lost."
785289469163429900,"ChristineDiarb","Mon Oct 10 01:22:54 +0000 2016","LETS GOOOOO #Trump #Debate"
785289479007285200,"nothym_4bs","Mon Oct 10 01:22:56 +0000 2016","RT @stlntdot: Is anyone keeping track of #Trump's sniff count tonight? #cokehead"
785289479946768400,"PaOhioFl","Mon Oct 10 01:22:56 +0000 2016","@HillaryClinton @TeamTrump #Trump #Hillary #debates #debate 

https://t.co/rHDFkNQqoL"
785289516785537000,"Asiaebte","Mon Oct 10 01:23:05 +0000 2016","#debates #trump he is so sick and insane!!!!"
785289521474723800,"elyse4design","Mon Oct 10 01:23:06 +0000 2016","RT @CeeLeeMusic: #Hillary didn't shake #Trump's hand.

That's because now we all know where that hand has been, and what it's done.

#Debat‚Ä¶"
785289556136308700,"Republican98","Mon Oct 10 01:23:14 +0000 2016","RT @RealTravisCook: My God, #Trump is smacking #Hillary around like Ike smacked Tina around! #debates"
785289588348641300,"inartic","Mon Oct 10 01:23:22 +0000 2016","RT @KaliTimes: This is why we need third parties in the #Debate. When are #Clinton or #Trump going to talk about the issues? #JillStein #Ga‚Ä¶"
785289615272017900,"skauhas","Mon Oct 10 01:23:28 +0000 2016","Joku on varmaan k√§skenyt tiukasti #Trump'ia rauhottumaan. Tekeek√∂h√§n tiukkaa?

Jotenkin koko ajan odotan kissatappelun alkamista."
785289618111492100,"PrezHillary4","Mon Oct 10 01:23:29 +0000 2016","Go on #sniffles!!! #debate #trump https://t.co/POTHDFJcwb"
785289651611459600,"garystout1079","Mon Oct 10 01:23:37 +0000 2016","#trump and dump rhythm...just sayin' https://t.co/KVKdHtf15p"
785289654992040000,"Destaabr","Mon Oct 10 01:23:38 +0000 2016","Is #Trump talking about jeans? ""Acid wash emails"" #debates"
785289660578750500,"dcatchpole","Mon Oct 10 01:23:39 +0000 2016","So it's a gutter fight, and so far, #Trump is winning. He faded in the first #debate. Does he have the stamina to go the distance tonight?"
785289663779000300,"old_gory_usa","Mon Oct 10 01:23:40 +0000 2016","Yes! @realDonaldTrump did just call @HillaryClinton The Devil! #hillary4prison #trumptrain #crookedhillary"
785289744326488000,"KimKsl420","Mon Oct 10 01:23:59 +0000 2016","Ask about #Abortion #debate #PeriodsforPence #PeriodsforPoliticians #DontGrabMyPussy https://t.co/fV5CfLUuqm"
785289827495272400,"sargent314","Mon Oct 10 01:24:19 +0000 2016","Damn! #Trump sniffing and so full of Trump crap. # USA demands #Trump tax returns."
785289841328074800,"bugnurse970","Mon Oct 10 01:24:22 +0000 2016","RT @_Proud_American: ‚ÄºÔ∏è #WakeUpAmerica ‚ÄºÔ∏è #NeverForget #NeverHillary #VoteTrump2016 #FollowTheMoney #MakeAmericaGreatAgain https://t.co/GDk‚Ä¶"
785289860177363000,"Seekandfind","Mon Oct 10 01:24:27 +0000 2016","RT @Galvin4America: That #HRC chuckle is clearly indicating that #Trump is successfully getting under her skin.. #PresidentialDebate #Townh‚Ä¶"
785289896663457800,"fuckyeahfedal","Mon Oct 10 01:24:36 +0000 2016","RT @Kon__K: #Trump is such a classic predator, talks over women, makes it about women's behaviours all the while defending his #misogyny. #‚Ä¶"
785289946269712400,"ElizebethTX2","Mon Oct 10 01:24:47 +0000 2016","https://t.co/t1sTkFROHv"
785289974337810400,"LANA1FM","Mon Oct 10 01:24:54 +0000 2016","LOVE #TRUMP #debate"
785289998119604200,"TheLeftPopulist","Mon Oct 10 01:25:00 +0000 2016","Oh bloody hell, the emails again? Threatening Clinton now #dumptrump #Trump  #Debates2016 #debate #elections2016"
785290010601762800,"stormestone","Mon Oct 10 01:25:03 +0000 2016","RT @vivelafra: Wow, @billmaher, you physically threatened &amp; abused your girlfriend and degraded her racially?  That's disgusting.‚Ä¶ "
785290048899981300,"lwilli78","Mon Oct 10 01:25:12 +0000 2016","RT @wtfnewsamerica: #Trump is having a great #cnntownhall performance - he absolutely proves he's a #senile pile of shitüí©"
785290084094533600,"BennettLMark","Mon Oct 10 01:25:20 +0000 2016","Stay on the attack Donald!!! Nice work!!  #debate
#trump"
785290109205618700,"mary_for_truth","Mon Oct 10 01:25:26 +0000 2016","#MakeAmericaGreatAgain https://t.co/vTjdNDRBtQ"
785290132718915600,"SusanSusanhb","Mon Oct 10 01:25:32 +0000 2016","@NBCNews https://t.co/VgzaNwVAey"
785290134396829700,"NiceBastard","Mon Oct 10 01:25:32 +0000 2016","RT @peterjukes: ""I hate to say it.. if I win I'm going to instruct the AG to appoint a special prosecutor for your lies"" says #Trump. He be‚Ä¶"
785290157138346000,"Vince_Andrade","Mon Oct 10 01:25:38 +0000 2016","@HillaryClinton after 30 years you've done nothing. Why should you get another 4, especially as POTUS. #debates #MakeAmericaGreat #trump"
785290195629408300,"BFwogga","Mon Oct 10 01:25:47 +0000 2016","""Because you'd be in jail"" #TRUMP"
785290209768378400,"mlsesquire1","Mon Oct 10 01:25:50 +0000 2016","RT @TheMarkRomano: Damn.....

#DonaldTrump promises a Special Prosecutor to go after #CrookedHillary if he wins!!!

Reason enough to vote f‚Ä¶"
785290210431029200,"mattinwpg","Mon Oct 10 01:25:50 +0000 2016","RT @ShelleyACook: COMPLETE A FUCKING SENTENCE! #debate #Trump"
785290211714621400,"Sephiroth__J","Mon Oct 10 01:25:51 +0000 2016","RT @BernieOrJill1: #debatedrinking - Drink every time #Trump or #Clinton says... Neh, nevermind, just drink. Just start drinking. #debate #‚Ä¶"
785290229339004900,"Alphorizons","Mon Oct 10 01:25:55 +0000 2016","So if #trump gets in he's going spend his #presidency investigating #hillary #debate"
785290258996953100,"MitkoPL","Mon Oct 10 01:26:02 +0000 2016","You'd be in jail #trump"
785290261685493800,"Bobadamshpp","Mon Oct 10 01:26:03 +0000 2016","RT @_Proud_American: ‚ÄºÔ∏è #WakeUpAmerica ‚ÄºÔ∏è #NeverForget #NeverHillary #VoteTrump2016 #FollowTheMoney #MakeAmericaGreatAgain https://t.co/MYD‚Ä¶"
785290270753427500,"RealDebateFly","Mon Oct 10 01:26:05 +0000 2016","You can catch me on my primetime debate time on @HillaryClinton eyebrow. #Wemadeit #debates #Trump #Clinton #FlytillIDie"
785290282560548900,"ExtinctElephant","Mon Oct 10 01:26:08 +0000 2016","#Trump is calling-out #Hillary like he should have done last #debate.  #debate2016"
785290312591806500,"Fraujanice1","Mon Oct 10 01:26:15 +0000 2016","RT @_Proud_American: ‚ÄºÔ∏è #WakeUpAmerica ‚ÄºÔ∏è #NeverForget #NeverHillary #VoteTrump2016 #FollowTheMoney #MakeAmericaGreatAgain https://t.co/QTc‚Ä¶"
785290340978745300,"B_Razz","Mon Oct 10 01:26:21 +0000 2016","RT @kmcshotoftheday: #Trump just went Ray Rice on #Hillary #Debate"
785290417952714800,"OrenDorell","Mon Oct 10 01:26:40 +0000 2016","#Trump sniffles. Is it a bad mic again? Attacks #Hillary. She responds that he needs to be #factcheck'd, sorry for the  emails.
#debate"
785290446864019500,"TrumPence16","Mon Oct 10 01:26:47 +0000 2016","""you would be in Jail ""only #Trump cheers are interrupted by 360 zero that was the News Clip. @HillaryClinton is too cool to be sorry"
785290505307369500,"rondadavis3030","Mon Oct 10 01:27:01 +0000 2016","RT @ImGayNotStupid: #trump just smacked #crookhillary #debate"
785290542380748800,"EternalRiteWing","Mon Oct 10 01:27:09 +0000 2016","#Trump owns this debate. #debate #debates @realDonaldTrump"
785290561087479800,"kimmerbishop","Mon Oct 10 01:27:14 +0000 2016","#Hillary takes classified information seriously? hahaha LMBO #trump #debate"
785290600660762600,"MARYMarlans","Mon Oct 10 01:27:23 +0000 2016","RT @Jami_USA: #Trump shoutout to #Wikileaks üòÇ Whoop, whoop! #Debate"
785290651264921600,"DousSteel","Mon Oct 10 01:27:35 +0000 2016","RT @sofimaciasl: Qu√© onda con la respuesta de #Trump sobre el acoso a mujeres/ voy a derrotar a ISIS ?"
785290664791707600,"FatherEricF","Mon Oct 10 01:27:39 +0000 2016","Is he just making shit up?  I think he's just making shit up! #Trump #Election2016 #Debate"
785290682256662500,"slootysloot","Mon Oct 10 01:27:43 +0000 2016","So refreshing to see #CrookedHillary have to be on the defensive this time. #debates"
785290690897084400,"NatPare","Mon Oct 10 01:27:45 +0000 2016","RT @NatPare: #Trump: #rejection with his tongue when  #Clinton says he never apologized for insulting her parents  #debate #debate2016 #syn‚Ä¶"
785290743355101200,"champrebel","Mon Oct 10 01:27:57 +0000 2016","RT @Miami4Trump: HELL YEAH!!! #LockHerUp #Debate"
785290751500353500,"JoexD_","Mon Oct 10 01:27:59 +0000 2016","I'm just waiting for the Yo Momma crew to show up #Debate #Trump #Clinton https://t.co/oPJZ3Xzq4w"
785290764381134800,"devans00","Mon Oct 10 01:28:02 +0000 2016","Please, please, please drop the emails #trump so you both can talk issues that impact regular Americans. #PresidentialDebate #Debates2016"
785290772346265600,"bozdoz","Mon Oct 10 01:28:04 +0000 2016","RT @Ashley_Bullard: A little worrying #Hillary was so quick to jump in on the #Debates2016 when 'emails' were mentioned. #Trump says he'd s‚Ä¶"
785290850112708600,"Biking_USA","Mon Oct 10 01:28:23 +0000 2016","#factcheck ... sorry #Trump. Ypu made that one up. #debate https://t.co/0jU82uVSSn"
785290928101609500,"KickBackPlayz","Mon Oct 10 01:28:41 +0000 2016","RT @realDonaldTrump: My team of deplorables will be taking over my Twitter account for tonight's #debate
#MakeAmericaGreatAgain"
785290932178477000,"militarymomy","Mon Oct 10 01:28:42 +0000 2016","#debate #debatenight #trump #gop 

YOUR GOING TO JAIL NOW!! https://t.co/EXdqRKyybQ"
785290999585050600,"D0MD0M98","Mon Oct 10 01:28:58 +0000 2016","RT @realDonaldTrump: Basically nothing Hillary has said about her secret server has been true. #CrookedHillary"
785291004110790700,"YoungMacAdrian","Mon Oct 10 01:29:00 +0000 2016","RT @realDonaldTrump: Basically nothing Hillary has said about her secret server has been true. #CrookedHillary"
785291009710100500,"camarosquid","Mon Oct 10 01:29:01 +0000 2016","RT @realDonaldTrump: Basically nothing Hillary has said about her secret server has been true. #CrookedHillary"
785291011706658800,"BrendaFagan1","Mon Oct 10 01:29:01 +0000 2016","RT @realDonaldTrump: Basically nothing Hillary has said about her secret server has been true. #CrookedHillary"
785291036453015600,"KirkendallAbby","Mon Oct 10 01:29:07 +0000 2016","RT @realDonaldTrump: Basically nothing Hillary has said about her secret server has been true. #CrookedHillary"
785291059513393200,"Shred__Lord","Mon Oct 10 01:29:13 +0000 2016","RT @realDonaldTrump: Basically nothing Hillary has said about her secret server has been true. #CrookedHillary"
785291069298610200,"KoriiMariee","Mon Oct 10 01:29:15 +0000 2016","RT @breannaaelisee: What #Trump said were WORDS, what #BillClinton DID was physical.üê∏‚òïÔ∏è"
785291070108164100,"annabellefran13","Mon Oct 10 01:29:15 +0000 2016","RT @realDonaldTrump: Basically nothing Hillary has said about her secret server has been true. #CrookedHillary"
785291163406372900,"hi_pah","Mon Oct 10 01:29:38 +0000 2016","#Trump is a petty ass MF #debate"
785291204787249200,"vcboston","Mon Oct 10 01:29:47 +0000 2016","RT @realDonaldTrump: ""@Jodygirl1010: @realDonaldTrump I am a woman who continues to support &amp; stand with #Trump! #dtmag https://t.co/nFmY3F‚Ä¶"
785291212827791400,"CharmCityAmy","Mon Oct 10 01:29:49 +0000 2016","Watching #Trump melt down in real time is the best thing ever. #debate"
785291214253883400,"BrianGowen","Mon Oct 10 01:29:50 +0000 2016","#WhinyLittleBitch #trump #debate @billmaher"
785291272810434600,"KaneKeeper5","Mon Oct 10 01:30:04 +0000 2016","RT @howardfineman: ""One on three."" #Trump is acting like the Comic Insult Dog."
785291276786688000,"deemoneyLA","Mon Oct 10 01:30:05 +0000 2016","#Trump makes me throw up"
785291280439992300,"LinaKunina","Mon Oct 10 01:30:05 +0000 2016","RT @CJAD800: #Trump continues to shout over #Clinton while she responds, she accuses him of ""diversion"""
785291384777433100,"Paulgiovannit","Mon Oct 10 01:30:30 +0000 2016","So wats the packers score #sundaynightfootball #debates #dontgivieashitaboutthedebates #aaronrodgers #FantasyFootball #makeamericagreatagain"
785291401730859000,"FlowyJoey","Mon Oct 10 01:30:34 +0000 2016","RT @realDonaldTrump: Basically nothing Hillary has said about her secret server has been true. #CrookedHillary"
785291405975433200,"seven71913","Mon Oct 10 01:30:35 +0000 2016","RT @Write2Fite: @jk_rowling @tmalexander27 @realDonaldTrump
#Trump is NO man
#BillyBush is NO man
ANY who pukes that odious poison is a dis‚Ä¶"
785291409628725200,"DeplorablePride","Mon Oct 10 01:30:36 +0000 2016","RT @realDonaldTrump: Basically nothing Hillary has said about her secret server has been true. #CrookedHillary"
785291420017893400,"conmomma","Mon Oct 10 01:30:39 +0000 2016","RT @Miami4Trump: Call Me Crazy, But I'd Really Like To Elect A President Who Hasn't Been Investigated By The FBI MULTIPLE TIMES..‚Ä¶ "
785291454394630100,"MalteOppermann","Mon Oct 10 01:30:47 +0000 2016","H√§tte nicht erwartet, dass #Trump so tief sinken w√ºrde und ich hatte vorher keine hohe Meinung von ihm. #debate"
785291497914536000,"mcmenacrew","Mon Oct 10 01:30:57 +0000 2016","RT @_Makada_: Donald Trump: If I am elected president I will get a special prosecuter to look into your case. 

#LockHerUp #Debate https://‚Ä¶"
785291504608772100,"ChadolfHitler","Mon Oct 10 01:30:59 +0000 2016","RT @realDonaldTrump: Basically nothing Hillary has said about her secret server has been true. #CrookedHillary"
785291552155250700,"mediter","Mon Oct 10 01:31:10 +0000 2016","@andersoncooper great adult supervision! In your face #Trump #Debates"
785291553954816000,"marijamanda","Mon Oct 10 01:31:11 +0000 2016","Cra be Cra #trump #america Opinion: Has Trump finally gone too far? https://t.co/1dJ1JgmkhU"
785291562443997200,"ShelbySorbin","Mon Oct 10 01:31:13 +0000 2016","RT @realDonaldTrump: Basically nothing Hillary has said about her secret server has been true. #CrookedHillary"
785291577203851300,"JulazNY","Mon Oct 10 01:31:16 +0000 2016","He is so oversensitive. Temperament problem. https://t.co/46SKfyMAxe"
785291583008612400,"ckolacia","Mon Oct 10 01:31:18 +0000 2016","RT @realDonaldTrump: My team of deplorables will be taking over my Twitter account for tonight's #debate
#MakeAmericaGreatAgain"
785291587064590300,"WayneChristian","Mon Oct 10 01:31:19 +0000 2016","Trump campaign manager:  ""Tonights debate strategy....You remember when we were in 3rd grade?""

#Trump #debate #debate2016"
785291587001708500,"cozay__","Mon Oct 10 01:31:19 +0000 2016","RT @MichaelBlackson: If #Trump don't win he can definitely be a comedian, he can open up for me lol"
785291596598095900,"RitzGainGreen","Mon Oct 10 01:31:21 +0000 2016","RT @MichaelBlackson: If #Trump don't win he can definitely be a comedian, he can open up for me lol"
785291624188416000,"PinkBelgium","Mon Oct 10 01:31:27 +0000 2016","RT @SputnikInt: .@andersoncooper and @MarthaRaddatz seem angry, have yelled at crowd and #Trump but the audience seems to be favoring Trump‚Ä¶"
785291628206448600,"BundysBagODicks","Mon Oct 10 01:31:28 +0000 2016","#Trump becoming combative with precious Anderson Cooper. Cooper not having his shit. #debate"
785291661836365800,"djhaferkamp","Mon Oct 10 01:31:36 +0000 2016","RT @DonaldJTrumpJr: The walk through!!! #stlouis #debate #makeamericagreatagain #maga #trump2016 #trump @ St. Louis‚Ä¶ https://t.co/75cxg0zVoe"
785291666525564900,"lesinbullhead","Mon Oct 10 01:31:37 +0000 2016","RT @SaltyTusk: When #Trump says ""you'd be in jail"" to HRC #DebateWithSaltyTusk #debate2016 #PresidentialDebate https://t.co/2c8LkQdIDo"
785291739112337400,"jnmnlslv","Mon Oct 10 01:31:55 +0000 2016","#Killary lies time after time #debate"
785291745852465200,"TonoEspindola","Mon Oct 10 01:31:56 +0000 2016","RT @jenarovillamil: #Debate. #Hillary arrincona a #Trump porque nunca ha pedido disculpas de sus mentiras sobre mexicanos, Obama, etc https‚Ä¶"
785291746892652500,"saragoldrickrab","Mon Oct 10 01:31:57 +0000 2016","RT @andreperryedu: ""I'm a gentleman."" = ""grab pussy"" for #Trump. #debatenight"
785291772176035800,"ChrisCrampsey","Mon Oct 10 01:32:03 +0000 2016","Who has the best roasts! Vote for either #Trump or #Hilary #debate"
785291840358604800,"KhalRipskinJr","Mon Oct 10 01:32:19 +0000 2016","RT @howardfineman: #Trump is not so much a candidate as a troll -- -but in some ways a very effective one."
785291858192674800,"buckeyebd","Mon Oct 10 01:32:23 +0000 2016","RT @_Makada_: Donald Trump: If I am elected president I will get a special prosecuter to look into your case. 

#LockHerUp #Debate https://‚Ä¶"
785291898319667200,"FabulouslyYoung","Mon Oct 10 01:32:33 +0000 2016","RT @BET: Our face when #Trump says he's going to ""help the African Americans""... #debates https://t.co/cOwanyWt0P"
785291919614103600,"nixagirl","Mon Oct 10 01:32:38 +0000 2016","#debate love that #Trump is calling out this insane woman! Someone hold her accountable!!! #liar"
785292055895380000,"drichardson6619","Mon Oct 10 01:33:10 +0000 2016","RT @Corporatocrazy: HILLARY CLINTON'S EMAIL SERVER WAS ** HACKED***  - FBI REPORT

#DEBATE #Trump
https://t.co/jbWmlyuDSu"
785292084970393600,"NJIvorygirl","Mon Oct 10 01:33:17 +0000 2016","@andersoncooper Let's try &amp; be balanced here!  I want to know about ALL issues Not crap I can find on social media! #Trump #Debate #Clinton"
785292087512236000,"TommyfromMalden","Mon Oct 10 01:33:18 +0000 2016","RT @VickyBrush: TRUMP IS MOPPING THE FLOOR WITH #CROOKEDHILLARY! I AM SOOOOOO PROUD OF HIM!!! @realDonaldTrump @HillaryClinton"
785292125101490200,"rcwendel","Mon Oct 10 01:33:27 +0000 2016","RT @bryanabless: Throwing a bigger tantrum than my 3 yr old. #debates #imwithher #trump"
785292194328506400,"DaFiendR","Mon Oct 10 01:33:43 +0000 2016","RT @realDonaldTrump: My team of deplorables will be taking over my Twitter account for tonight's #debate
#MakeAmericaGreatAgain"
785292227081740300,"vangie_lynne","Mon Oct 10 01:33:51 +0000 2016","RT @realDonaldTrump: Basically nothing Hillary has said about her secret server has been true. #CrookedHillary"
785292241912918000,"gabby_munsey","Mon Oct 10 01:33:55 +0000 2016","somebody go and hold back trump he wild #MakeAmericaGreatAgain #debate"
785292259721818100,"Chuckkele","Mon Oct 10 01:33:59 +0000 2016","Two Secret  Service Agents tell all books say Hillary is violent and unstable https://t.co/ylQ17vzis4"
785292288029290500,"perpetualpam","Mon Oct 10 01:34:06 +0000 2016","RT @JanetMorana: #Trump says #Obamacare is a disaster, will never work. He would repeal and replace. #Debates2016 #debates #VoteProLife"
785292300222013400,"jlogsdon03","Mon Oct 10 01:34:09 +0000 2016","RT @realDonaldTrump: My team of deplorables will be taking over my Twitter account for tonight's #debate
#MakeAmericaGreatAgain"
785292321738731500,"Idahograybeard","Mon Oct 10 01:34:14 +0000 2016","RT @YoungDems4Trump: Hillary is pretending that she's gonna attack Prescription costs? She IS Big Pharma. #CrookedHillary #Debate"
785292323643093000,"robotsneedlove2","Mon Oct 10 01:34:14 +0000 2016","Nothing says being a leader of a democratic country like threatening your opponent with incarceration #trump #Debates2016 #debates"
785292333944156200,"CourtnyKRCG13","Mon Oct 10 01:34:17 +0000 2016","RT @realDonaldTrump: Basically nothing Hillary has said about her secret server has been true. #CrookedHillary"
785292374310346800,"khalfani98","Mon Oct 10 01:34:26 +0000 2016","#PresidentialDebate This man really cannot answer one question. I cannot believe they want this child #trump for president. #msnbc"
785292384892547100,"4daWorld","Mon Oct 10 01:34:29 +0000 2016","Go for #trump taxes..#debatenight"
785292390571606000,"FirenFlames","Mon Oct 10 01:34:30 +0000 2016","Single payer = long waits and deaths from subpar doctors. Look at the VA. #trump #GOP #usa"
785292420002951200,"valgalland","Mon Oct 10 01:34:37 +0000 2016","RT @_Proud_American: ‚ÄºÔ∏è #WakeUpAmerica ‚ÄºÔ∏è #NeverForget #NeverHillary #VoteTrump2016 #FollowTheMoney #MakeAmericaGreatAgain https://t.co/OTE‚Ä¶"
785292452584271900,"ComoFootball","Mon Oct 10 01:34:45 +0000 2016","Donald Trump is tweeting while the debate is going on.. What a man. https://t.co/Sdmxw93XGj"
785292498365247500,"KNpull89","Mon Oct 10 01:34:56 +0000 2016","RT @sherivanness: #CrookedHillary. Wow it's incredible how the lies she tells continues"
785292501661851600,"junipersage1","Mon Oct 10 01:34:57 +0000 2016","RT @Miami4Trump: Call Me Crazy, But I'd Really Like To Elect A President Who Hasn't Been Investigated By The FBI MULTIPLE TIMES..‚Ä¶ "
785292515167510500,"TexasLabrador","Mon Oct 10 01:35:00 +0000 2016","RT @_Makada_: Donald Trump: If I am elected president I will get a special prosecuter to look into your case. 

#LockHerUp #Debate https://‚Ä¶"
785292515889012700,"bynum_thomas","Mon Oct 10 01:35:00 +0000 2016","RT @MichaelCastner: I think we are watching #trump have a nervous break down on live television. #debate"
785292533152747500,"AlessioErcoli","Mon Oct 10 01:35:04 +0000 2016","#debate Bill #Clinton in forte imbarazzo quando #Trump ricordava i suoi abusi alle donne e addirittura ad una 12enne #ClintonVsTrump"
785292550613663700,"LjHaupt","Mon Oct 10 01:35:08 +0000 2016","RT @DaystoTrump: Surprise Poll Finds Vast Majority Of Republican Voters Support #Trump After ""Lewd Comments"" https://t.co/Lbqu1TSvsW"
785292561036501000,"cmcl5","Mon Oct 10 01:35:11 +0000 2016","RT @michaelharrisdr: Anderson #Cooper and Martha #Raddatz are obviously turning #debate to #Trump on #trial https://t.co/5q3Rl9NMNV"
785292570440052700,"sbutterfield56","Mon Oct 10 01:35:13 +0000 2016","RT @howardfineman: I expect #Trump to start making faces behing #Hillary like #ChevyChase on the old @SNL"
785292580057604100,"FantinoPolanco","Mon Oct 10 01:35:15 +0000 2016","El lenguaje no verbal de #Trump es tan agresivo q por momentos cuando √©l se le acerca a #HillaryClinton me parece q la va a agredir #Debate"
785292581059956700,"simonsquibb","Mon Oct 10 01:35:16 +0000 2016","Trump states ""I'm a gentleman.."" give me a break! #debate2016 #trump https://t.co/4szgCAq6kj"
785292591457722400,"LesHugTX","Mon Oct 10 01:35:18 +0000 2016","We NEED single payer like you have @realDonaldTrump. It's called #Medicare. Yep, you have it. #Trump #TrumpDidABump #Sniff"
785292631882473500,"NEexpatriate","Mon Oct 10 01:35:28 +0000 2016","#Trump's got a chair but refuses to sit on it. #debate #debatenight"
785292658914631700,"DancingDanB","Mon Oct 10 01:35:34 +0000 2016","RT @Lisa_Wilkinson: Dear Mr #Trump, my husband played professional rugby for 20 years. He has NEVER heard talk like that in a locker room.‚Ä¶"
785292698282364900,"SisterLuck1315","Mon Oct 10 01:35:43 +0000 2016","RT @NeilTurner_: @realDonaldTrump We need you to #MakeAmericaGreatAgain! Watch &amp; RT https://t.co/RBt4zoJE8n #VoteTrump"
785292704066379800,"TBellistic","Mon Oct 10 01:35:45 +0000 2016","Also, #Trump, #Clinton doesn't want to go to signal-payer.  She wants to ""improve"" Obamacare.  There's a difference.
#debate #tytlive"
785292732910534700,"rubymarez","Mon Oct 10 01:35:52 +0000 2016","I stare out my window while #Trump talks so I don't have to look and hear #crap at the same time. #debates‚Ä¶ https://t.co/y5fmCCt7Pt"
785292776946569200,"usajoeysmith","Mon Oct 10 01:36:02 +0000 2016","No Ban on #Muslims. Muslims are GOOD people. #makeamericagreatagain #trump2016 #TrumpTrain ['https://t.co/GeFfIa17Bu']"
785292783296708600,"Comitus","Mon Oct 10 01:36:04 +0000 2016","#trump looks very menacing wandering around while #Hillary speaks. -#PresidentialDebate"
785292819778895900,"HillaryTvLive","Mon Oct 10 01:36:12 +0000 2016","""Breaking:#Trump ""realDonaldTrump https://t.co/9vklQmOs2R"
785292859834499100,"trickj2000","Mon Oct 10 01:36:22 +0000 2016","#crookedhillary"
785292900536049700,"Vannoy3J","Mon Oct 10 01:36:32 +0000 2016","RT @peterdaou: Is it me or does #Hillary look like she needs secret service protection from #Trump?
#debate"
785292939463368700,"keksec__org","Mon Oct 10 01:36:41 +0000 2016","@realDonaldTrump Good morning to you, President Trump #MakeAmericaGreatAgain"
785292944601452500,"_beBREEzyb_","Mon Oct 10 01:36:42 +0000 2016","Trump should've did another bump of cocaine before tonight's debate. #Trump"
785292945394196500,"mabelparaong","Mon Oct 10 01:36:42 +0000 2016","RT @realDonaldTrump: ""@Jodygirl1010: @realDonaldTrump I am a woman who continues to support &amp; stand with #Trump! #dtmag https://t.co/nFmY3F‚Ä¶"
785292966403334100,"KatherynsK","Mon Oct 10 01:36:47 +0000 2016","RT @jennyhutt: Actually, the accusers are victims of #Trump. He's using them to deflect from his vileness. Somehow I don't think it's worki‚Ä¶"
785293008304427000,"sam0274","Mon Oct 10 01:36:57 +0000 2016","RT @J_DReed: ""Its good that someone w/the temperament of #trump isnt in charge of the law"" @HillaryClinton 

""Because you'd be in jail"" @re‚Ä¶"
785293037966544900,"djbillyho","Mon Oct 10 01:37:04 +0000 2016","RT @DuckNazi: ""Because you would be in jail!"" 

Clinton is flustered, the crowd is loving #Trump. #debate #ClintonVsTrump https://t.co/Cjmj‚Ä¶"
785293037903556600,"tinalorentz","Mon Oct 10 01:37:04 +0000 2016","RT @Lisa_Wilkinson: What happened when #Melania showed me around the #Trump penthouse &amp; why I believe it's time to #TurnYourBackAmerica. ht‚Ä¶"
785293040529264600,"85EJones","Mon Oct 10 01:37:05 +0000 2016","RT @Shooters_Wife: Go #Trump!!!!!!! üëçüëçüëçüëçüëçüëçüëç

#ClintonLiesMatter 
#Benghazi 
#ClintonEmails 
#GrossNegligence 
#NeverHillary 
#Debates2016"
785293057696686100,"BonavitaMauro","Mon Oct 10 01:37:09 +0000 2016","RT @Maumol: #Debate, questa foto riassume il match: #Trump guarda #Hillary con disprezzo mentre lei sorride rispondendo ad una‚Ä¶ "
785293081054765000,"stevoburd75","Mon Oct 10 01:37:15 +0000 2016","RT @keksec__org: @realDonaldTrump I really really really really really really really really like you #MakeAmericaGreatAgain https://t.co/07‚Ä¶"
785293085806690300,"lalinde_dp","Mon Oct 10 01:37:16 +0000 2016","Thanks #RealityTV for screwing both the motion picture industry and #America - why? You made #Trump #Debate"
785293101392924700,"luckyrio21","Mon Oct 10 01:37:20 +0000 2016","RT @rosemcgowan: Can we all send butt plugs to silence his mouth? #trump"
785293114877612000,"fraschianchi","Mon Oct 10 01:37:23 +0000 2016","RT @Maumol: #Debate, questa foto riassume il match: #Trump guarda #Hillary con disprezzo mentre lei sorride rispondendo ad una‚Ä¶ "
785293144258732000,"JScarpon","Mon Oct 10 01:37:30 +0000 2016","RT @realDonaldTrump: Basically nothing Hillary has said about her secret server has been true. #CrookedHillary"
785293146955579400,"therealPDT","Mon Oct 10 01:37:30 +0000 2016","How come no one's drinking ? https://t.co/ol506xuUDI"
785293158447849500,"kardamylaxios","Mon Oct 10 01:37:33 +0000 2016","HILLARY IS CALM AND SHARP. #TRUMP IS SNIFFING AND LOSING IT. HILLARY WON!!! https://t.co/gA2ZulS3YO"
785293161337802800,"amanda_gann","Mon Oct 10 01:37:34 +0000 2016","""I'm going to make healthcare so good"" #trump #Debates2016 what does that even mean??? #tellushow #forreal https://t.co/bttIOpe70M"
785293181155876900,"IleeCarr","Mon Oct 10 01:37:39 +0000 2016","RT @MagicRoyalty: @realDonaldTrump 33,000 DELETED EMAILS, SILENCED BILL CLINTON'S VICTIMS, BENGHAZI, AND STEALING MILLIONS FROM STARVING HA‚Ä¶"
785293203238969300,"Ryan_Travis","Mon Oct 10 01:37:44 +0000 2016","....These are our #choices?  Is #RossPerot still around somewhere? :(  #2016election #debates #trump #Hillary"
785293226492166100,"gpicciarelli","Mon Oct 10 01:37:49 +0000 2016","RT @realDonaldTrump: Basically nothing Hillary has said about her secret server has been true. #CrookedHillary"
785293258461093900,"gillianbdoll","Mon Oct 10 01:37:57 +0000 2016","RT @vivelafra: GET OUT: Bill Clinton's sexual assault victims are now calling for #Hillary to resign from her campaign.  Polls sug‚Ä¶ "
785293378007158800,"TheJoeSlepski","Mon Oct 10 01:38:26 +0000 2016","The only lines #Trump cares about are white. #debate #debates #sniffgate"
785293400501264400,"DeanAntonioNYU","Mon Oct 10 01:38:31 +0000 2016","RT @PeterHeltzel: #Obamacare is a fraud that doesn't work"" #Trump. Well it's helping the healthcare of many of my friends &amp; I'm grateful #D‚Ä¶"
785293410953551900,"Phelix_A_Jones","Mon Oct 10 01:38:33 +0000 2016","#CrookedHillary debates Trump tonight. Trump debates #CrookedHillary and 2 of her mods. #debates"
785293473620656100,"caren4btunity","Mon Oct 10 01:38:48 +0000 2016","#Trump Trots Out Bill's Bimbos+Impeachment Attempts 2Deflect Own Disastorous Behavior #Hillary Is Candidate Not Bill https://t.co/xZrUrYiO79"
785293516956205000,"kajpbl","Mon Oct 10 01:38:59 +0000 2016","RT @realDonaldTrump: My team of deplorables will be taking over my Twitter account for tonight's #debate
#MakeAmericaGreatAgain"
785293523272757200,"my69cents","Mon Oct 10 01:39:00 +0000 2016","A Muslim woman is talking. Watch out #Trump #Debates2016"
785293523780243500,"sofia_tzanet","Mon Oct 10 01:39:00 +0000 2016","#Debate #sniffgate what's up with the nose ??? #trumpüêΩüêΩ  You should be investigated for your üëÉüëÉüëÉ problem"
785293591686045700,"JStar4e","Mon Oct 10 01:39:16 +0000 2016","About islamophobia.... it's muslims fault #trump is an idiot! #Debate"
785293593107988500,"ByKateDwyer","Mon Oct 10 01:39:17 +0000 2016","RT @LanceMSanderson: I love this debate format.  It just put an innocent face to the victims of #trump's #islamaphobia. #Debates2016"
785293635491401700,"HeckingEmilie","Mon Oct 10 01:39:27 +0000 2016","How to stop islamiphobia; talk about how bad Muslims are #Debate #Debates2016 #trump"
785293701505482800,"IRAGuru4EdSlott","Mon Oct 10 01:39:43 +0000 2016","#Trump says islamophobia is a real problem. Then blames Muslims for San Bernadino and elsewhere #Debates2016"
785293722313433100,"themoroccansun","Mon Oct 10 01:39:48 +0000 2016","Breathe in that hypocritical air buddy #Trump #debate"
785293724255420400,"vivicande1009","Mon Oct 10 01:39:48 +0000 2016","#hillary no sera perfecta pero ni comparacion con #trump #debate"
785293775018926100,"rickclark71","Mon Oct 10 01:40:00 +0000 2016","RT @jd_Constitution: #debate #BigLeagueTruth #FollowTheMoney #LockHerUp @HillaryClinton https://t.co/7odNVcO5I4"
785293879088066600,"Bluediablo3","Mon Oct 10 01:40:25 +0000 2016","RT @APesq: #Trump is acting like a predator towards #HillaryClinton, he continues to assault women, because no rules apply to him!"
785293895303389200,"psycotria","Mon Oct 10 01:40:29 +0000 2016","RT RealAlexJones - RT libertytarian: #Hillary &amp; Cooper are trying to change the subject
and #Hillary accusing #Trump of trying to change su‚Ä¶"
785293915058413600,"vegasme","Mon Oct 10 01:40:34 +0000 2016","RT @The_Trump_Train: RETWEET if you will stand by Donald Trump regardless of what the career politicians and media says! #MakeAmericaGreatA‚Ä¶"
785293936692781000,"gilldidnyc","Mon Oct 10 01:40:39 +0000 2016","RT @realDonaldTrump: Basically nothing Hillary has said about her secret server has been true. #CrookedHillary"
785293956984733700,"camica00","Mon Oct 10 01:40:44 +0000 2016","RT @lewdog73: Umm #Trump ur the #leader of Islamophobia #debates"
785293983501131800,"CClark1011","Mon Oct 10 01:40:50 +0000 2016","@lorrainecink answer a question about bigotry by fueling the fires of bigotry. #Trump logic #Debates2016"
785293997451325400,"doggans","Mon Oct 10 01:40:53 +0000 2016","RT @eshap: ""Let me answer your question about islamophobia with so much more islamophobia."" #Trump #debate"
785294015075848200,"FcukinLuxurious","Mon Oct 10 01:40:57 +0000 2016","RT @ArevaMartin: So disgusted by #Trump calling us the #AfricanAmericans Damn! We are people not objects!!!!! #PresidentialDebate"
785294053810339800,"sacredwarriores","Mon Oct 10 01:41:07 +0000 2016","RT @mayawiley: #Trump says repeal #ObamaCare? Here r the facts including millions of Americans can see a dr when sick. https://t.co/rvBxNlE‚Ä¶"
785294107992174600,"BethanyKhan","Mon Oct 10 01:41:20 +0000 2016","I'm calling for a total and complete shutdown of the #Trump campaign. My name is Bethany Khan and I approve this message. #debate"
785294132663033900,"DannyPKC","Mon Oct 10 01:41:25 +0000 2016","#Donald is humping the chair!!! Who saw this??? #debate #trump #hillary"
785294132977598500,"Perfectly_Laura","Mon Oct 10 01:41:26 +0000 2016","Sharia law does not mesh with our Constitution. #debate #Trump #PeoplesPresident"
785294145434759200,"tinkitk","Mon Oct 10 01:41:28 +0000 2016","RT @TimSClark: #Trump performance so far is absolutely exposing #CrookedHillary   #debate"
785294165458325500,"JeffStaner1","Mon Oct 10 01:41:33 +0000 2016","RT @heidi_bradley1: Funniest part of the #debate : when #trump said he was a gentleman!!üòÖüòÖüòÖüòÖ"
785294181602295800,"MediaWatcher_","Mon Oct 10 01:41:37 +0000 2016","Thanks to #Trump's mega-sniff, western ""democracy"", America... is publicly self-destructing itself üòÇ. 
#debate #debatenight"
785294241127764000,"Jhonmar","Mon Oct 10 01:41:51 +0000 2016","#Trump is massaging the chair"
785294265878478800,"Smashree","Mon Oct 10 01:41:57 +0000 2016","RT @WHS_Oney: WHY ARE YOU TWEETING DURING THE DEBATE?! POOR INTERVIEW SKILLS! https://t.co/eqlJcRtfln"
785294356307738600,"hlddlespotter","Mon Oct 10 01:42:19 +0000 2016","RT @TheNadjaAtwal: #tvduell #Trump Vs #Clinton bisher sehr kurzweilig .Trump direkt, bissig, gut und einfach richtig. Details von mir dazu‚Ä¶"
785294414960660500,"eliz_lander","Mon Oct 10 01:42:33 +0000 2016","RT @e391615r: DRUGS . . . . AGAIN!! https://t.co/31VtEZkgyO"
785294424485965800,"karenebow","Mon Oct 10 01:42:35 +0000 2016","RT @realDonaldTrump: Basically nothing Hillary has said about her secret server has been true. #CrookedHillary"
785294428822962200,"nlkkiasana","Mon Oct 10 01:42:36 +0000 2016","RT @mefbama: I don't people like who live in #GlassHouses shouldn't throw stones at #Trump for bad words, nor parents who take t‚Ä¶ "
785294431402340400,"letimunoz0004","Mon Oct 10 01:42:37 +0000 2016","RT @KDORR_USA: REMINDER: #CrookedHillary refuses to say we are at war against ISIS #MAGA #debate https://t.co/ZBNYp9bBsX"
785294448754303000,"dRiveraCash","Mon Oct 10 01:42:41 +0000 2016","RT @cp2austin: #Trump's #Debate Summary:
lie SNIFF lie SNIFF lie SNIFF lie SNIFF lie SNIFF lie SNIFF lie SNIFF lie SNIFF...rock back &amp; fort‚Ä¶"
785294458342346800,"StopBLMterror","Mon Oct 10 01:42:43 +0000 2016","Dear retarded feminists: Hillary doesn't deserve special treatment just because she is a woman. #debate #LockHerUp"
785294496946872300,"Menapaxs","Mon Oct 10 01:42:52 +0000 2016","""Muslim people have been in the United States since before George Washington.""  I don't know about that #crookedhillary"
785294508934074400,"Holtpotus","Mon Oct 10 01:42:55 +0000 2016","Former GOP chairman's thoughts on #trump tonight! well okay then.....lets #HoltfortheFuture https://t.co/8SIHSZtNlF"
785294540857049100,"RRR_DontTreadOn","Mon Oct 10 01:43:03 +0000 2016","RT @KDORR_USA: REMINDER: #CrookedHillary refuses to say we are at war against ISIS #MAGA #debate https://t.co/ZBNYp9bBsX"
785294566005932000,"DonnaBr82566768","Mon Oct 10 01:43:09 +0000 2016","RT @The_Trump_Train: RETWEET if you think Donald Trump is DOMINATING this debate. #MakeAmericaGreatAgain #debates"
785294581222953000,"politicsmrs","Mon Oct 10 01:43:12 +0000 2016","@BillSpadea @realDonaldTrump #Trump is right. Muslims have to show they are part of the solution but identifying radical Muslims"
785294586033868800,"TBowzeDC","Mon Oct 10 01:43:14 +0000 2016","My policies morph and I don't know why! #Trump #Debate"
785294596901265400,"BLT1022","Mon Oct 10 01:43:16 +0000 2016","#debate #MakeAmericaGreatAgain"
785294603830251500,"Caren329","Mon Oct 10 01:43:18 +0000 2016","He is truly a prick and I don't use that word often #trump #debates"
785294627884535800,"missajeanfinley","Mon Oct 10 01:43:24 +0000 2016","RT @billmaher: I want #Trump to double down: ""I wld grab Isis by the pussy! China, send our jobs back or get ur pussy grabbed by the Sixth‚Ä¶"
785294639091769300,"ModaMags","Mon Oct 10 01:43:26 +0000 2016","RT @AllHorror: ""Khan would be alive if I had been president."" - #Trump  Ohmygod. How sick is this piece of trash? #Debates2016 #Debate"
785294665008328700,"vdubjohnson1","Mon Oct 10 01:43:32 +0000 2016","RT @Doddee: Never terrorist loving #CrookedHillary This is a MUST read!
@vdubjohnson1 #TrumpTrain #AmericaFirst https://t.co/TsYoUA7csM"
785294681714270200,"kblum_","Mon Oct 10 01:43:36 +0000 2016","RT @libertytarian: Zinger!
#Hillary: Glad we don't have someone like #Trump as pres
#Trump: Because you'd be in jail

@RealAlexJones"
785294700018360300,"ChristianRep","Mon Oct 10 01:43:41 +0000 2016","RT @realDonaldTrump: Basically nothing Hillary has said about her secret server has been true. #CrookedHillary"
785294711040778200,"JohnRobertFinch","Mon Oct 10 01:43:43 +0000 2016","RT @realDonaldTrump: #CrookedHillary has FAILED all over the world! Ùè∞Ä 
#BigLeagueTruth #Debates2016 https://t.co/dalk9JKcFg"
785294748370206700,"infogatecl","Mon Oct 10 01:43:52 +0000 2016","A prop√≥sito del debate #Trump #Clinton Para no olvidar el grosero v√≠deo de Mr. Donald sobre las mujeres https://t.co/oHOuF1mUiy"
785294762882568200,"NationwideBlog","Mon Oct 10 01:43:56 +0000 2016","RT @peterjukes: ""The Muslim ban has morphed into... extreme vetting"" #Trump has no grip of policy or what he's said. Just wind and fear."
785294805840465900,"MusiqueIsLuv","Mon Oct 10 01:44:06 +0000 2016","RT @GillesMarini: ""Nobody has more respect for women that I do""
#Trump 
Biggest joke of the century #debates"
785294849645813800,"helloellie11","Mon Oct 10 01:44:16 +0000 2016","#Trump is like a child thinking the impartial moderators are picking on him and not interrupting ""her"" #debate"
785294895602888700,"Jdubdale","Mon Oct 10 01:44:27 +0000 2016","#debate I don't want to hear about liberal bias interrupting #trump more.the man can't stay focused to answer a direct question."
785294959478014000,"DavidSherblom","Mon Oct 10 01:44:43 +0000 2016","RT @seacorc: All of #Trump's answers sound like they came through Google Translate from an illiterate. #debate #Russia #sniffles"
785294988372422700,"ohhms_dun","Mon Oct 10 01:44:49 +0000 2016","RT @CyrusMMcQueen: All I'm hearing from #Trump in the #debates is...
*sniff sniff
""I'm racist...""
*sniff sniff
""I'm sexist...""
*sniff sniff‚Ä¶"
785295009935454200,"Kurt_P","Mon Oct 10 01:44:55 +0000 2016","RT @realDonaldTrump: #CrookedHillary has FAILED all over the world! Ùè∞Ä 
#BigLeagueTruth #Debates2016 https://t.co/dalk9JKcFg"
785295039043805200,"bhakt4ever","Mon Oct 10 01:45:02 +0000 2016","RT @realDonaldTrump: #CrookedHillary has FAILED all over the world! Ùè∞Ä 
#BigLeagueTruth #Debates2016 https://t.co/dalk9JKcFg"
785295060212576300,"colbymw97","Mon Oct 10 01:45:07 +0000 2016","RT @_Proud_American: ‚ÄºÔ∏è #WakeUpAmerica ‚ÄºÔ∏è #NeverForget #NeverHillary #VoteTrump2016 #FollowTheMoney #MakeAmericaGreatAgain https://t.co/BIg‚Ä¶"
785295086112219100,"TrumpAttack2016","Mon Oct 10 01:45:13 +0000 2016","Keep lying #CrookedHillary. You want open borders. You said it in your speeches to wall street donors."
785295082824032300,"staceymulinio","Mon Oct 10 01:45:12 +0000 2016","RT @realDonaldTrump: ""@Jodygirl1010: @realDonaldTrump I am a woman who continues to support &amp; stand with #Trump! #dtmag https://t.co/nFmY3F‚Ä¶"
785295098422583300,"MrVop","Mon Oct 10 01:45:16 +0000 2016","RT @RT_America: #Clinton: 'It is good #Trump is not in charge of law and order' 
#Trump: 'That's because you'd be in jail' #debate‚Ä¶ "
785295107708883000,"FeministSpag","Mon Oct 10 01:45:18 +0000 2016","RT @MeanwhileinCana: Who's watching the #Debates2016 ?
Try #Trump Bingo! https://t.co/8gR8wKYLP7"
785295154739576800,"BreevonB","Mon Oct 10 01:45:29 +0000 2016","RT @BettyMBayer: The verdict is clear: #trump is an interruption.  Period."
785295162591371300,"sampig309","Mon Oct 10 01:45:31 +0000 2016","#CrookedHillary #killary #Debates2016 https://t.co/8ghz17XHkh"
785295163371483100,"akashashky","Mon Oct 10 01:45:31 +0000 2016","""Capt. Khan would have been alive if I were President"".
Hmmm, is it just me or #Trump actually being witty tonight?! 
#PresidentialDebate"
785295167657869300,"DMarieGemLover","Mon Oct 10 01:45:32 +0000 2016","I have never heard #Trump say any hateful things about Muslims or Islam/Just how to protect US Citizens from terrorism #Debate"
785295176977752000,"TheDutchmanG550","Mon Oct 10 01:45:34 +0000 2016","RT @Corporatocrazy: Hillary Clinton is a fucking bitch who took $100 million from radical Middle Eastern Muslim countries. 

#Trump‚Ä¶ "
785295182832934900,"_emilieh","Mon Oct 10 01:45:36 +0000 2016","So Muslims need to report when they are being discriminated against. (#trump)"
785295230916591600,"JeanetteMellod1","Mon Oct 10 01:45:47 +0000 2016","RT @EricTrump: En route to the second #PresidentialDebate! Let's #MakeAmericaGreatAgain #Trump2016 #TrumpTrain üöÇüí®üí®üá∫üá∏üá∫üá∏üá∫üá∏ https://t.co/D5Qc9‚Ä¶"
785295233168748500,"mattwearswhales","Mon Oct 10 01:45:48 +0000 2016","RT @WaymonHudson: Moderators are doing their job. Actually making #Trump answer questions. Shows he is deflecting while #Clinton actually a‚Ä¶"
785295266484146200,"jimmybelshe","Mon Oct 10 01:45:56 +0000 2016","RT @realDonaldTrump: My team of deplorables will be taking over my Twitter account for tonight's #debate
#MakeAmericaGreatAgain"
785295312122286100,"jennyfitz1","Mon Oct 10 01:46:07 +0000 2016","RT @rescuetracker81: #TrumpTheDebate
#JusticeForJuanita
#BigLeagueTruth
#Debates2016
#Debates
 #HillaryHoaxes https://t.co/aBE4y5vsfD"
785295330950549500,"JenLaJ","Mon Oct 10 01:46:11 +0000 2016","""Because you'd be in jail"" #micdrop #savage #trump #boom"
785295351229980700,"BryanDawsonUSA","Mon Oct 10 01:46:16 +0000 2016","#Trump again lying about his support of Iraq War. In 2003: ""It's a tremendous success""

#debates #Debate #sniffles
https://t.co/VDeGazE0Fu"
785295416099307500,"elephantnodonky","Mon Oct 10 01:46:31 +0000 2016","He is dominating he will be the next president https://t.co/ttTJdP2nuK"
785295419098017800,"Olivia_Emisar","Mon Oct 10 01:46:32 +0000 2016","RT @mmpadellan: #Trump just told a Muslim woman ""there's a problem"" and that she's going to have to report stuff. Doesn't answer her questi‚Ä¶"
785295446449217500,"Mermadd","Mon Oct 10 01:46:39 +0000 2016","I was against the war in Iraq... you were for it. #Trump #Debates2016"
785295546722443300,"pelikay","Mon Oct 10 01:47:03 +0000 2016","#debate #Trump denies his support for the war"
785295652796309500,"Romantic_Artist","Mon Oct 10 01:47:28 +0000 2016","RT @1stFreeMatt: #Hillary is truly awful - #Trump is perceived by many to be awfuller https://t.co/U6UYvAlPd2"
785295680629723100,"Roxanne060979","Mon Oct 10 01:47:35 +0000 2016","RT @realkingrobbo: Trump Quips Clinton Would 'Be In Jail' If He Was President #crookedhillary #imwithher #TrumpTrain #Trump2016 #MAGA https‚Ä¶"
785295682840195100,"LandonSchnabel","Mon Oct 10 01:47:35 +0000 2016","RT @DivSightings: #Trump shows religion cannot be understood apart from race, gender, sexuality, and education, says @LandonSchnabel.
https‚Ä¶"
785295685507833900,"ferrarisabella","Mon Oct 10 01:47:36 +0000 2016","RT @Pulso_pnamur: Hillary Clinton: ""Lo que #Trump dice sobre el islam es usado para reclutar combatientes"" @pulso_tw #debate #USElections20‚Ä¶"
785295712737042400,"jenniferluthy","Mon Oct 10 01:47:42 +0000 2016","RT @realDonaldTrump: Basically nothing Hillary has said about her secret server has been true. #CrookedHillary"
785295786800189400,"EiMadeThis","Mon Oct 10 01:48:00 +0000 2016","RT @GillesMarini: Exactly!! #Trump is just such an ignorant. https://t.co/rQ0xkrtaZu"
785295861769199600,"jbs0813","Mon Oct 10 01:48:18 +0000 2016","RT @TimSClark: Moderators are totally one sided. Throwing #Hillary softballs and supportive statement questions. Interrupting #Trump and co‚Ä¶"
785295878697410600,"Shirleygerhard3","Mon Oct 10 01:48:22 +0000 2016","RT @TheMarkRomano: Damn.....

#DonaldTrump promises a Special Prosecutor to go after #CrookedHillary if he wins!!!

Reason enough to vote f‚Ä¶"
785295885752275000,"Vetivera24","Mon Oct 10 01:48:23 +0000 2016","Know nothing #Trump knows nothing. https://t.co/O5NnrQ0ohW"
785295891821391900,"LindsayKelleyS","Mon Oct 10 01:48:25 +0000 2016","And your judgment is ""SO great?"" Mr. #Trump? #Debates2016 #debate"
785295924163645400,"YancyFaith","Mon Oct 10 01:48:33 +0000 2016","#Irony alert: #Trump claims #Hillary has bad judgment.

(#Hypocrisy alert, too.)"
785295935752536000,"asperry3","Mon Oct 10 01:48:35 +0000 2016","RT @KevinJacksonTBS: WORDS from #CrookedHillary about how she will let in more Muslims #TeamKJ #debate"
785295958972260400,"184675550c6043c","Mon Oct 10 01:48:41 +0000 2016","#Debates #Trump is not suitable 4 POTUS. Smh The Republican party should B ashamed 4 letting it go this far. He lacks respect, honesty etc.."
785296009672794100,"delyju","Mon Oct 10 01:48:53 +0000 2016","RT @Jarboni72: The Donald keeps telling the #BigLeagueTruth and #CrookedHillary keeps on lying. #LyingHillary #Hillary https://t.co/pga2EKC‚Ä¶"
785296043613233200,"munagrg","Mon Oct 10 01:49:01 +0000 2016","RT @MLHDouglas: ‚ÄúThey won‚Äôt use the word radical Islamic terror"" but you will call the discussion of sexual assault ""locker room talk"" #Tru‚Ä¶"
785296045852897300,"nvmadejo","Mon Oct 10 01:49:02 +0000 2016","RT @Suthen_boy: #CrookedHillary will destroy USA  - how can anyone believe this viper?
#tcot #MAGA #debate #tgdn #WakeUpAmerica #TrumpPence‚Ä¶"
785296057353670700,"panhandleprims","Mon Oct 10 01:49:04 +0000 2016","RT @DumpTrump22: Does Anybody know WTF #Trump is talking about?

The only thing I know is that he needs to blow his god damned nose!

Get h‚Ä¶"
785296064907653100,"mindbodymonica","Mon Oct 10 01:49:06 +0000 2016","If you're a Muslim, Latino and/or woman, please tell me why you're supporting #Trump. Being from TX, I sadly get the others. #debates"
785296068984447000,"imnsala","Mon Oct 10 01:49:07 +0000 2016","RT @realDonaldTrump: #CrookedHillary has FAILED all over the world! Ùè∞Ä 
#BigLeagueTruth #Debates2016 https://t.co/dalk9JKcFg"
785296100022517800,"J0eMuich","Mon Oct 10 01:49:14 +0000 2016","RT @GillesMarini: ""Nobody has more respect for women that I do""
#Trump 
Biggest joke of the century #debates"
785296104334188500,"madogs93","Mon Oct 10 01:49:16 +0000 2016","RT @keksec__org: @realDonaldTrump You don't have a racist bone in your body! #MakeAmericaGreatAgain https://t.co/QUZXEG6MOG"
785296110390837200,"keating_eleanor","Mon Oct 10 01:49:17 +0000 2016","RT @realDonaldTrump: My team of deplorables will be taking over my Twitter account for tonight's #debate
#MakeAmericaGreatAgain"
785296113888821200,"IvanEspinozaESQ","Mon Oct 10 01:49:18 +0000 2016","Now #Trump is using coded language to attack #Hispanics as ""criminal aliens"". #Debates¬†#DebateNight¬†¬†¬†¬† #Debates2016¬†#Debate #immigration"
785296120293371900,"The_knick7","Mon Oct 10 01:49:19 +0000 2016","RT @realDonaldTrump: #CrookedHillary has FAILED all over the world! Ùè∞Ä 
#BigLeagueTruth #Debates2016 https://t.co/dalk9JKcFg"
785296126576504800,"Chaskapat","Mon Oct 10 01:49:21 +0000 2016","RT @BryanDawsonUSA: #Trump again lying about his support of Iraq War. In 2003: ""It's a tremendous success""

#debates #Debate #sniffles
http‚Ä¶"
785296154896568300,"HawkMel","Mon Oct 10 01:49:28 +0000 2016","RT @trumpaboard: #JailbirdHillary's ACTIONS &amp; POLICIES are DANGEROUS to AMERICA! #TRUMP https://t.co/NvYj0mxwyZ"
785296171996745700,"JCSmithFox5","Mon Oct 10 01:49:32 +0000 2016","#Trump pacing during #Clinton response."
785296204670251000,"nikkasuncle","Mon Oct 10 01:49:39 +0000 2016","RT @MarkDavis: Next time #Hillary sidesteps a question, Martha had better badger her too. #PresidentialDebate #trump"
785296220063408100,"NHMommy1","Mon Oct 10 01:49:43 +0000 2016","RT @Actually1Ashley: #Trump: ""Why don't you interrupt her?"" #CNNdebate moderators interrupt Trump and allow #CrookedHillary to do it too. S‚Ä¶"
785296227449602000,"TRUMPNEXTPRES16","Mon Oct 10 01:49:45 +0000 2016","RT @The_Trump_Train: RETWEET if you think Donald Trump is DOMINATING this debate. #MakeAmericaGreatAgain #debates"
785296234902794200,"LukeMGraca","Mon Oct 10 01:49:47 +0000 2016","#debates #Trump is winning  #TrumpRally"
785296311486513200,"pudcast245","Mon Oct 10 01:50:05 +0000 2016","#Hillary has bad judgement?? Lololol Compared to you, #Trump a rabid coyote looks like member of #SCOTUS.  #debate"
785296345418596400,"ProgressiveArmy","Mon Oct 10 01:50:13 +0000 2016","RT @DKG3387: I figured it out: #Trump sniffles when he is speaking carefully. It's nerves. The equivalent of when some say ""um"". #debate #s‚Ä¶"
785296400565178400,"thatmexicanthin","Mon Oct 10 01:50:26 +0000 2016","RT @jerryg125: #Sniffles  #Trump is giving a visual example of
How to spot a coke addict"
785296458618548200,"PatrickBJennin2","Mon Oct 10 01:50:40 +0000 2016","RT @atlaswon: #Debate
#Democrats 

(Inside .@HillaryClinton 's mind now)

""What the F just happened!"" 
I was, I think, hanging in there!

T‚Ä¶"
785296462271881200,"AnnKirsch1","Mon Oct 10 01:50:41 +0000 2016","RT @equaltreatment: Best zinger ever! https://t.co/E5iL13uWBj"
785296499613765600,"Myinfo941454043","Mon Oct 10 01:50:50 +0000 2016","RT @CyberDurden: @ScottAdamsSays @sabine_durden #Trump is literally circling, slowly, like a #shark waiting-out its dinner. #debates"
785296584976191500,"JonShoes","Mon Oct 10 01:51:10 +0000 2016","#Trump is so mad #DEBATENIGHT"
785296604366463000,"PatrickBJennin2","Mon Oct 10 01:51:15 +0000 2016","RT @avanconia: üí£BOOMüî• #BillyBush is NOTHING

In these speech transcripts
üòÆ#CrookedHillary Admits to Lying to Voters

‚ñ∂Ô∏èüîó‚Ä¶ "
785296615410110500,"ptydale1001","Mon Oct 10 01:51:17 +0000 2016","RT @DrMartyFox: #Debate
#Trump not taking any BS from the #Hillary supporters disguised as moderators. https://t.co/aLbkStpxZO"
785296635496656900,"Mbschurman","Mon Oct 10 01:51:22 +0000 2016","RT @SharonDay: Did #CrookedHillary really just drag Abraham Lincoln into her dishonest web! #debates #debatenight"
785296636964642800,"Dr_C2006","Mon Oct 10 01:51:23 +0000 2016","RT @sharkabides: Wow, @realDonaldTrump actually said #ISIS excuses him &amp; actions boasting of groping &amp; sexually assaulting women. #p2 #Trump"
785296646800302100,"shityoudontsay_","Mon Oct 10 01:51:25 +0000 2016","#Trump #donaldtrump #debate https://t.co/xcnqlAlXB4"
785296661404852200,"SuzanneNMore","Mon Oct 10 01:51:28 +0000 2016","RT @peterdaou: Seriously, #Trump is a walking rightwing comment section. #debate"
785296681524875300,"CWablington","Mon Oct 10 01:51:33 +0000 2016","RT @realDonaldTrump: Basically nothing Hillary has said about her secret server has been true. #CrookedHillary"
785296710251614200,"bethd_k","Mon Oct 10 01:51:40 +0000 2016","RT @beddybooper: Hillary looks like she is ready to cry , she is the one hacking https://t.co/IERoEbMTcg"
785296717298020400,"GregMillerTV","Mon Oct 10 01:51:42 +0000 2016","Didn't #Trump say three or four years ago he did know Putin? #debate"
785296792069951500,"SkyeShepard","Mon Oct 10 01:51:59 +0000 2016","OMG! #Killary starts the #RussiaBlameGame AGAIN! She has NO evidence #Russia did anything! #debates And THEN starts the taxes BS AGAIN!"
785296816791314400,"Shirleygerhard3","Mon Oct 10 01:52:05 +0000 2016","@kplusktop #Debates2016 #TRUMP is killing it tonightüá∫üá∏üá∫üá∏üá∫üá∏He just said HRC called Abraham Lincoln a liarüòÇüòÇüòÇüòÇüòÇ"
785296823162380300,"LauzonChristine","Mon Oct 10 01:52:07 +0000 2016","RT @FrancineSLC: Cet homme engendre la haine
#trump #fouFurieux"
785296855236284400,"AldenWahlstrom","Mon Oct 10 01:52:15 +0000 2016","#Trump: ""I know nothing about #Russia"""
785296877470126100,"jmbeyond7","Mon Oct 10 01:52:20 +0000 2016","You've never lied #trump? GTFOH #debates https://t.co/UMyfJlKr1b"
785296881668788200,"weisfeiler","Mon Oct 10 01:52:21 +0000 2016","Did he just say that maybe there was no hacking? #trump #Debates2016"
785296917269876700,"RoughDraft360","Mon Oct 10 01:52:29 +0000 2016","His body language is so revealing... and she's having none of it. https://t.co/XM6UznVMLf"
785296940464472000,"DanHawkTweets","Mon Oct 10 01:52:35 +0000 2016","RT @libertytarian: #Trump: She blamed the lie on Honest Abe

he's hitting his stride

@RealAlexJones"
785296968801251300,"titrespresse","Mon Oct 10 01:52:42 +0000 2016","(Le Huffington Post ):Toutes les photos du second d√©bat pr√©sidentiel entre #Donald #Trump.. https://t.co/KGSzIhhOhd https://t.co/TM5hqnjEae"
785296984928202800,"seguntheprogram","Mon Oct 10 01:52:45 +0000 2016",".#Trump said awful things about women privately. What he's said publicly is just as crass, just as crude, just as m‚Ä¶ https://t.co/wbo1hWlb3G"
785297021406023700,"cmcnlv61","Mon Oct 10 01:52:54 +0000 2016","RT @realDonaldTrump: #CrookedHillary has FAILED all over the world! Ùè∞Ä 
#BigLeagueTruth #Debates2016 https://t.co/dalk9JKcFg"
785297034592911400,"BaseballJustice","Mon Oct 10 01:52:57 +0000 2016","#Trump is coming unhinged again."
785297034920075300,"drew_toronto","Mon Oct 10 01:52:57 +0000 2016","Has #trump answered a SINGLE question tonight?  Our fact checkers say: NO #debate"
785297044311126000,"mkaee","Mon Oct 10 01:53:00 +0000 2016","RT @CorrectRecord: ""The level of business amounts to hundreds of millions of dollars."" From Russia with #Trump: https://t.co/3jRNtzLIcm #de‚Ä¶"
785297094655479800,"_ekramer","Mon Oct 10 01:53:12 +0000 2016","We don't need the female version of Obama running our country for the next 4 years. It's time for a change. #MakeAmericaGreatAgain"
785297149244248000,"RichiUnlimited","Mon Oct 10 01:53:25 +0000 2016","RT @BradLindenSoCal: #Debate 
You, go, #MarthaRaddatz! She just interrupted #Trump's ramblings &amp; told him to just answer the question he wa‚Ä¶"
785297168869523500,"GhostTenant","Mon Oct 10 01:53:29 +0000 2016","RT @markcritch: #Trump says Canadian health care is catastrophic. Well, I've never heard @JustinTrudeau sniff like that, Donald. #debate #d‚Ä¶"
785297182693830700,"hooper29hooper","Mon Oct 10 01:53:33 +0000 2016","RT @EricTrump: En route to the second #PresidentialDebate! Let's #MakeAmericaGreatAgain #Trump2016 #TrumpTrain üöÇüí®üí®üá∫üá∏üá∫üá∏üá∫üá∏ https://t.co/D5Qc9‚Ä¶"
785297235114287100,"mgc_rrt","Mon Oct 10 01:53:45 +0000 2016","RT @CorrectRecord: ""The level of business amounts to hundreds of millions of dollars."" From Russia with #Trump: https://t.co/3jRNtzLIcm #de‚Ä¶"
785297302642651100,"tray24u1","Mon Oct 10 01:54:01 +0000 2016","RT @_Proud_American: ‚ÄºÔ∏è #WakeUpAmerica ‚ÄºÔ∏è #NeverForget #NeverHillary #VoteTrump2016 #FollowTheMoney #MakeAmericaGreatAgain https://t.co/76H‚Ä¶"
785297327602933800,"ntrbug6","Mon Oct 10 01:54:07 +0000 2016","RT @NeilB4Zod: Even in a well-lit, public place, I'm amazed #Hillary isn't nervous about #Trump lurking behind her.

#debate #debatenight #‚Ä¶"
785297333399322600,"Reality_n_Truth","Mon Oct 10 01:54:09 +0000 2016","RT @realDonaldTrump: My team of deplorables will be taking over my Twitter account for tonight's #debate
#MakeAmericaGreatAgain"
785297448780587000,"8letterman","Mon Oct 10 01:54:36 +0000 2016","RT @Kdubblive: #Trump be snitching more than you @marcelluswiley üòÇüòÇ"
785297512596996100,"aBLACK_GOP","Mon Oct 10 01:54:51 +0000 2016","#crookedhillary looks like a broomstick b/c TRUMP is sweeping her in this #debate! #TrumpPence16 #MAGA https://t.co/AMWhEI9AE2"
785297512684924900,"javierahv1292","Mon Oct 10 01:54:51 +0000 2016","RT @Tampi_Vero: Viendo el debate vuelvo a preguntarme:
 ¬øC√≥mo es posible que un pa√≠s como EU tenga como candidato republicano a un ente com‚Ä¶"
785297524886306800,"100kanat","Mon Oct 10 01:54:54 +0000 2016","RT @realDonaldTrump: #CrookedHillary has FAILED all over the world! Ùè∞Ä 
#BigLeagueTruth #Debates2016 https://t.co/dalk9JKcFg"
785297625591390200,"MonicaGinDC","Mon Oct 10 01:55:18 +0000 2016","No question @HillaryClinton is showing #Trump that she is mas CHINGONA! @latinorebels https://t.co/OHFU2DjsLn"
785297632310747100,"britizzyyy","Mon Oct 10 01:55:20 +0000 2016","I don't want my daughter to grow up in a world where I would've had the option to kill her MINUTES before she's born. #Killary"
785297643199004700,"DeplorableJess","Mon Oct 10 01:55:22 +0000 2016","#Trump is beating the shit out of her. #Debates2016"
785297651017388000,"tillshadeisgone","Mon Oct 10 01:55:24 +0000 2016","RT @WesLilHate: Doesn't know anything about #russia? #trump #Debates2016 #debate"
785297686689882100,"mcf1218","Mon Oct 10 01:55:33 +0000 2016","RT @The_Trump_Train: RETWEET if you think Donald Trump is DOMINATING this debate. #MakeAmericaGreatAgain #debates"
785297727856967700,"LeandroEVilla","Mon Oct 10 01:55:43 +0000 2016","Were cutting the taxes for the middle class #Trump #Debate"
785297770265608200,"LeandroEVilla","Mon Oct 10 01:55:53 +0000 2016","DIJO SHAINA! #Trump #Debate"
785297881246736400,"didit_doty","Mon Oct 10 01:56:19 +0000 2016","RT @Miami4Trump: Call Me Crazy, But I'd Really Like To Elect A President Who Hasn't Been Investigated By The FBI MULTIPLE TIMES..‚Ä¶ "
785297893204762600,"stansburyj","Mon Oct 10 01:56:22 +0000 2016","RT @HeatherMoAndCo: #Trump literally said ""I pay hundreds of millions of dollars in taxes"".
Who's taking bets on how big of a lie that is?‚Ä¶"
785297898426671100,"Marioomeany","Mon Oct 10 01:56:23 +0000 2016","RT @Revista_EyN: #EleccionesEEUU #Trump dice que rebajar√° impuestos a clase media, advierte que #Clinton subir√° impuestos."
785297900393955300,"prjinsurance","Mon Oct 10 01:56:24 +0000 2016","RT @realDonaldTrump: My team of deplorables will be taking over my Twitter account for tonight's #debate
#MakeAmericaGreatAgain"
785297908736282600,"reny_67","Mon Oct 10 01:56:26 +0000 2016","#trump ""I know nothing about #Russia"" Yeah! We know! Ca you see Russia from #trumptower ? #debates"
785297934208217100,"SeekWisdomToday","Mon Oct 10 01:56:32 +0000 2016","RT @RT_America: 'I don‚Äôt know anything about the inner workings of Russia...I have no loans with Russia.' - #Trump #debate‚Ä¶ "
785297953913237500,"emaxwell1","Mon Oct 10 01:56:37 +0000 2016","RT @annakonk: Getting flashes of hitler #trump #debates"
785297973630554100,"EricinSD1","Mon Oct 10 01:56:41 +0000 2016","RT @realDonaldTrump: My team of deplorables will be taking over my Twitter account for tonight's #debate
#MakeAmericaGreatAgain"
785297979141922800,"mets1068","Mon Oct 10 01:56:43 +0000 2016","RT @realDonaldTrump: My team of deplorables will be taking over my Twitter account for tonight's #debate
#MakeAmericaGreatAgain"
785297995516510200,"jainilsutaria1","Mon Oct 10 01:56:46 +0000 2016","Lets not forget that #trump was never #qualified to be #president #Debates2016 #DebateNightInAmerica #debates #ahsapdebate"
785298019034001400,"jp_dsp981","Mon Oct 10 01:56:52 +0000 2016","#Debates2016 #Trump pays taxes, #Hillary just takes cash from everyoneüòü"
785298047991361500,"_ayecaptain","Mon Oct 10 01:56:59 +0000 2016","RT @rollingitout: The Donald is on fire tonight! üî•üî•üî•Go Trump! #TRUMP #debate #debatenight"
785298065775132700,"snarke","Mon Oct 10 01:57:03 +0000 2016","Is‚Ä¶.It‚Äôs #Trump doing the pee-pee sway back there? #debate"
785298067666993200,"DoctorBsays","Mon Oct 10 01:57:04 +0000 2016","RT @heykoolaid3: I cannot believe she can actual say this without lightning striking her!! #lockherup https://t.co/hqN4f39M8j"
785298076978118700,"GoWithItJam","Mon Oct 10 01:57:06 +0000 2016","Did anyone else see that fly land on #CrookedHillary 's face?"
785298083643097100,"GrammaShan","Mon Oct 10 01:57:07 +0000 2016","RT @GrammaShan: @realDonaldTrump @mike_pence @DonaldJTrumpJr Just mailed our absentee ballots! #trumptrain #Trump #Womenfortrump‚Ä¶ "
785298117956476900,"TonjaTriplett","Mon Oct 10 01:57:16 +0000 2016","RT @DBloom451: üí•WOWüí• The #CrookedHillaryüí∞ campaign has CONTEMPT for all voters, even Bernie Sanders supportersüëá""Low social capital‚Ä¶ "
785298143265054700,"pinkfloyd5709","Mon Oct 10 01:57:22 +0000 2016","RT @PolitiSlap: Now @HillaryClinton has thrown the late, great Abraham Lincoln under the bus to deflect from her lies. #CrookedHillary #deb‚Ä¶"
785298164001538000,"gaitomusician","Mon Oct 10 01:57:27 +0000 2016","Convinced that tie is a distraction tactic. #PresidentialDebate #Trump"
785298198839656400,"MazMEDEA","Mon Oct 10 01:57:35 +0000 2016","#debate 
#trump 
#clinton https://t.co/AGd4fyB3Jl"
785298210134687700,"culturedjo","Mon Oct 10 01:57:38 +0000 2016","RT @HARRISFAULKNER: #trump to #Clinton: You wouldn't change tax code when you were Senator because many of your friends take the same advan‚Ä¶"
785298273200373800,"infomologist","Mon Oct 10 01:57:53 +0000 2016","RT @CorrectRecord: #Trump's call to ban all Muslims is still on his website. #debate https://t.co/UXnRtEdh4G https://t.co/OeaHyEgRp4"
785298278745272300,"ironyalchemist","Mon Oct 10 01:57:54 +0000 2016","Ok, if no one is going to fact check #Trump, at least grammar check that fool! #Debate #Debates2016"
785298326895812600,"Repdpw3","Mon Oct 10 01:58:05 +0000 2016","#MakeAmericaGreatAgain Trump is killing her without being super mean which I would still be ok with she is horrible"
785298365911224300,"DuaneABentley","Mon Oct 10 01:58:15 +0000 2016","RT @michaelharrisdr: #debate moderators are aggressive toward #trump.  Uncomfortable feeling! https://t.co/N8XmL82f6N"
785298482315821000,"PTX_SingEd","Mon Oct 10 01:58:42 +0000 2016","RT @MrTerrellHarris: THIS IS NOT A JOKE
I really think #trump has mental health issues.
Something seems off

#Debates2016 #debate"
785298515044012000,"Brooksjowety","Mon Oct 10 01:58:50 +0000 2016","RT @realDonaldTrump: #CrookedHillary has FAILED all over the world! Ùè∞Ä 
#BigLeagueTruth #Debates2016 https://t.co/dalk9JKcFg"
785298522493124600,"JohnQBoxler","Mon Oct 10 01:58:52 +0000 2016","Speaking of himself in the 3rd person. Is #trump Rickey Henderson? #debate #thirdpersonnarcissist"
785298552566140900,"MyRaiseBlows","Mon Oct 10 01:58:59 +0000 2016","RT @libertytarian: #Hillary lies about taxes
NO ONE'S taxes would go up with #Trump
EVERYONE will have higher taxes w #Hillary

@RealAlexJo‚Ä¶"
785298590566486000,"IamHotDogginIt","Mon Oct 10 01:59:08 +0000 2016","I hope so!  #MAGA #Trump #TrumpPence #TrumpTrain #debate #CrookedHillary https://t.co/aRdCOrsbCg"
785298614981627900,"chica10s","Mon Oct 10 01:59:14 +0000 2016","@AnnCoulter @DonaldJTrumpJr  #CrookedHillary is going to make up for lost time by raising our taxes even more üò°"
785298671063691300,"whatsajosh","Mon Oct 10 01:59:27 +0000 2016","Hey #trump https://t.co/QuqFzvqVIp #Debates2016 #TheSimpsons"
785298676273049600,"Lisa9Liz","Mon Oct 10 01:59:29 +0000 2016","RT @JoanieChesnutt: Notice she sits evey time she can.  Can't stand fo over 5 minutes. https://t.co/HD3kAwu5SM"
785298721898586100,"Descyite","Mon Oct 10 01:59:40 +0000 2016","#Trump #Hillary #debate  I think we are all in for a bumpy ride #donttouchmyguns"
785298735718957000,"JVER1","Mon Oct 10 01:59:43 +0000 2016","RT @SandraTXAS: These are the women and children refugees Hillary will bring in to America
Impossible to vet

vote #Trump #Debate https://t‚Ä¶"
785298779616452600,"dmerovingio","Mon Oct 10 01:59:53 +0000 2016","Il traduttore italiano di #trump di @SkyTG24 √® TOTALMENTE INCAPACE ma dove ha studiato questo?!?!!! #TrumpVsClinton"
785298789120745500,"peggydoyle0328","Mon Oct 10 01:59:56 +0000 2016","RT @AmericanVoterUS: TREASON TRUMPS ALL!  üò†

#LockHerUp üëá

@HillaryClinton üëà

üö´#NEVERHillaryüö´

Let's make history - VOTE Trump Ûæì¶‚Ä¶ "
785298805528813600,"MoberlyG","Mon Oct 10 02:00:00 +0000 2016","RT @STRONG_OPED: #debate

SHE BLAMES ME FOR HER LIES   #TRUMP https://t.co/nogfcNiuaT"
785298814487978000,"Local4Priya","Mon Oct 10 02:00:02 +0000 2016","#Trump says ""with her it's all talk. No action."""
785298841297977300,"partisanfree","Mon Oct 10 02:00:08 +0000 2016","""You need both a public and a private position."" No one is going to ask #Clinton about this are they? #Trump too stupid, #media too biased."
785298867558285300,"TrumpPenceWomen","Mon Oct 10 02:00:14 +0000 2016","RT @StatDevices: Who do you think won round two of the 2016 presidential debates? 

#Debates2016 #debates #trump #Clinton #DebateNightInAme‚Ä¶"
785298877863694300,"Madsmurc","Mon Oct 10 02:00:17 +0000 2016","But #trump why won't you answer a simple tax question tho? #debates"
785298961900924900,"BMcKinnonLC","Mon Oct 10 02:00:37 +0000 2016","New Game: Take a shot every time #Trump mentions Bernie Sanders &amp; then you get to die in 10 minutes and stop watching this. #Debates2016"
785299018020712400,"mmpadellan","Mon Oct 10 02:00:50 +0000 2016","#Trump keeps bringing up Bernie, trying to peel off supporters. #debate"
